model,context,batch,path,H,P,G,request_id,wave,queue_delay,admission_delay,prefill_latency,first_decode_step,decode_duration,completion_time
Llama-3.1-8B,LC20K,1,HBM_HOST_OFFLOAD,20000,128,32,0,0,0.0,0.0,0.006049528062846995,0.005717578334202602,0.18298356950252345,0.18903309756537046
Llama-3.1-8B,LC20K,1,HBM_RESIDENT_WAVE,20000,128,32,0,0,0.0,0.0,0.006049528062846995,0.005717578334202602,0.18298356950252345,0.18903309756537046
Llama-3.1-8B,LC20K,1,HBM_BEST,20000,128,32,0,0,0.0,0.0,0.006049528062846995,0.005717578334202602,0.18298356950252345,0.18903309756537046
Llama-3.1-8B,LC20K,1,M3D_GPU,20000,128,32,0,0,0.0,0.0,0.005865050598924187,0.005598596051507207,0.17918103014465045,0.18504608074357465
Llama-3.1-8B,LC20K,1,M3D_NMP_UNIFORM,20000,128,32,0,0,0.0,0.0,0.005498659504183582,0.0016301222470886483,0.05216624444428776,0.05766490394847134
Llama-3.1-8B,LC20K,1,M3D_NMP_CPA,20000,128,32,0,0,0.0,0.0,0.005498659504183582,0.0014410936841650986,0.04611752843984707,0.05161618794403065
Llama-3.1-8B,LC20K,8,HBM_HOST_OFFLOAD,20000,128,32,0,0,0.0,0.0,0.03582014708589715,0.011701090544414627,0.37460339988558955,0.4104235469714867
Llama-3.1-8B,LC20K,8,HBM_HOST_OFFLOAD,20000,128,32,1,0,0.0,0.0,0.03582014708589715,0.011701090544414627,0.37460339988558955,0.4104235469714867
Llama-3.1-8B,LC20K,8,HBM_HOST_OFFLOAD,20000,128,32,2,0,0.0,0.0,0.03582014708589715,0.011701090544414627,0.37460339988558955,0.4104235469714867
Llama-3.1-8B,LC20K,8,HBM_HOST_OFFLOAD,20000,128,32,3,0,0.0,0.0,0.03582014708589715,0.011701090544414627,0.37460339988558955,0.4104235469714867
Llama-3.1-8B,LC20K,8,HBM_HOST_OFFLOAD,20000,128,32,4,0,0.0,0.0,0.03582014708589715,0.011701090544414627,0.37460339988558955,0.4104235469714867
Llama-3.1-8B,LC20K,8,HBM_HOST_OFFLOAD,20000,128,32,5,0,0.0,0.0,0.03582014708589715,0.011701090544414627,0.37460339988558955,0.4104235469714867
Llama-3.1-8B,LC20K,8,HBM_HOST_OFFLOAD,20000,128,32,6,0,0.0,0.0,0.03582014708589715,0.011701090544414627,0.37460339988558955,0.4104235469714867
Llama-3.1-8B,LC20K,8,HBM_HOST_OFFLOAD,20000,128,32,7,0,0.0,0.0,0.03582014708589715,0.011701090544414627,0.37460339988558955,0.4104235469714867
Llama-3.1-8B,LC20K,8,HBM_RESIDENT_WAVE,20000,128,32,0,0,0.0,0.0,0.03582014708589715,0.011701090544414627,0.37460339988558955,0.4104235469714867
Llama-3.1-8B,LC20K,8,HBM_RESIDENT_WAVE,20000,128,32,1,0,0.0,0.0,0.03582014708589715,0.011701090544414627,0.37460339988558955,0.4104235469714867
Llama-3.1-8B,LC20K,8,HBM_RESIDENT_WAVE,20000,128,32,2,0,0.0,0.0,0.03582014708589715,0.011701090544414627,0.37460339988558955,0.4104235469714867
Llama-3.1-8B,LC20K,8,HBM_RESIDENT_WAVE,20000,128,32,3,0,0.0,0.0,0.03582014708589715,0.011701090544414627,0.37460339988558955,0.4104235469714867
Llama-3.1-8B,LC20K,8,HBM_RESIDENT_WAVE,20000,128,32,4,0,0.0,0.0,0.03582014708589715,0.011701090544414627,0.37460339988558955,0.4104235469714867
Llama-3.1-8B,LC20K,8,HBM_RESIDENT_WAVE,20000,128,32,5,0,0.0,0.0,0.03582014708589715,0.011701090544414627,0.37460339988558955,0.4104235469714867
Llama-3.1-8B,LC20K,8,HBM_RESIDENT_WAVE,20000,128,32,6,0,0.0,0.0,0.03582014708589715,0.011701090544414627,0.37460339988558955,0.4104235469714867
Llama-3.1-8B,LC20K,8,HBM_RESIDENT_WAVE,20000,128,32,7,0,0.0,0.0,0.03582014708589715,0.011701090544414627,0.37460339988558955,0.4104235469714867
Llama-3.1-8B,LC20K,8,HBM_BEST,20000,128,32,0,0,0.0,0.0,0.03582014708589715,0.011701090544414627,0.37460339988558955,0.4104235469714867
Llama-3.1-8B,LC20K,8,HBM_BEST,20000,128,32,1,0,0.0,0.0,0.03582014708589715,0.011701090544414627,0.37460339988558955,0.4104235469714867
Llama-3.1-8B,LC20K,8,HBM_BEST,20000,128,32,2,0,0.0,0.0,0.03582014708589715,0.011701090544414627,0.37460339988558955,0.4104235469714867
Llama-3.1-8B,LC20K,8,HBM_BEST,20000,128,32,3,0,0.0,0.0,0.03582014708589715,0.011701090544414627,0.37460339988558955,0.4104235469714867
Llama-3.1-8B,LC20K,8,HBM_BEST,20000,128,32,4,0,0.0,0.0,0.03582014708589715,0.011701090544414627,0.37460339988558955,0.4104235469714867
Llama-3.1-8B,LC20K,8,HBM_BEST,20000,128,32,5,0,0.0,0.0,0.03582014708589715,0.011701090544414627,0.37460339988558955,0.4104235469714867
Llama-3.1-8B,LC20K,8,HBM_BEST,20000,128,32,6,0,0.0,0.0,0.03582014708589715,0.011701090544414627,0.37460339988558955,0.4104235469714867
Llama-3.1-8B,LC20K,8,HBM_BEST,20000,128,32,7,0,0.0,0.0,0.03582014708589715,0.011701090544414627,0.37460339988558955,0.4104235469714867
Llama-3.1-8B,LC20K,8,M3D_GPU,20000,128,32,0,0,0.0,0.0,0.03582014708589715,0.011167189645334709,0.3575130017573914,0.39333314884328857
Llama-3.1-8B,LC20K,8,M3D_GPU,20000,128,32,1,0,0.0,0.0,0.03582014708589715,0.011167189645334709,0.3575130017573914,0.39333314884328857
Llama-3.1-8B,LC20K,8,M3D_GPU,20000,128,32,2,0,0.0,0.0,0.03582014708589715,0.011167189645334709,0.3575130017573914,0.39333314884328857
Llama-3.1-8B,LC20K,8,M3D_GPU,20000,128,32,3,0,0.0,0.0,0.03582014708589715,0.011167189645334709,0.3575130017573914,0.39333314884328857
Llama-3.1-8B,LC20K,8,M3D_GPU,20000,128,32,4,0,0.0,0.0,0.03582014708589715,0.011167189645334709,0.3575130017573914,0.39333314884328857
Llama-3.1-8B,LC20K,8,M3D_GPU,20000,128,32,5,0,0.0,0.0,0.03582014708589715,0.011167189645334709,0.3575130017573914,0.39333314884328857
Llama-3.1-8B,LC20K,8,M3D_GPU,20000,128,32,6,0,0.0,0.0,0.03582014708589715,0.011167189645334709,0.3575130017573914,0.39333314884328857
Llama-3.1-8B,LC20K,8,M3D_GPU,20000,128,32,7,0,0.0,0.0,0.03582014708589715,0.011167189645334709,0.3575130017573914,0.39333314884328857
Llama-3.1-8B,LC20K,8,M3D_NMP_UNIFORM,20000,128,32,0,0,0.0,0.0,0.03582014708589715,0.008738195529839444,0.27963642925447013,0.3154565763403673
Llama-3.1-8B,LC20K,8,M3D_NMP_UNIFORM,20000,128,32,1,0,0.0,0.0,0.03582014708589715,0.008738195529839444,0.27963642925447013,0.3154565763403673
Llama-3.1-8B,LC20K,8,M3D_NMP_UNIFORM,20000,128,32,2,0,0.0,0.0,0.03582014708589715,0.008738195529839444,0.27963642925447013,0.3154565763403673
Llama-3.1-8B,LC20K,8,M3D_NMP_UNIFORM,20000,128,32,3,0,0.0,0.0,0.03582014708589715,0.008738195529839444,0.27963642925447013,0.3154565763403673
Llama-3.1-8B,LC20K,8,M3D_NMP_UNIFORM,20000,128,32,4,0,0.0,0.0,0.03582014708589715,0.008738195529839444,0.27963642925447013,0.3154565763403673
Llama-3.1-8B,LC20K,8,M3D_NMP_UNIFORM,20000,128,32,5,0,0.0,0.0,0.03582014708589715,0.008738195529839444,0.27963642925447013,0.3154565763403673
Llama-3.1-8B,LC20K,8,M3D_NMP_UNIFORM,20000,128,32,6,0,0.0,0.0,0.03582014708589715,0.008738195529839444,0.27963642925447013,0.3154565763403673
Llama-3.1-8B,LC20K,8,M3D_NMP_UNIFORM,20000,128,32,7,0,0.0,0.0,0.03582014708589715,0.008738195529839444,0.27963642925447013,0.3154565763403673
Llama-3.1-8B,LC20K,8,M3D_NMP_CPA,20000,128,32,0,0,0.0,0.0,0.03582014708589715,0.007113218582385939,0.22764626665745763,0.2634664137433548
Llama-3.1-8B,LC20K,8,M3D_NMP_CPA,20000,128,32,1,0,0.0,0.0,0.03582014708589715,0.007113218582385939,0.22764626665745763,0.2634664137433548
Llama-3.1-8B,LC20K,8,M3D_NMP_CPA,20000,128,32,2,0,0.0,0.0,0.03582014708589715,0.007113218582385939,0.22764626665745763,0.2634664137433548
Llama-3.1-8B,LC20K,8,M3D_NMP_CPA,20000,128,32,3,0,0.0,0.0,0.03582014708589715,0.007113218582385939,0.22764626665745763,0.2634664137433548
Llama-3.1-8B,LC20K,8,M3D_NMP_CPA,20000,128,32,4,0,0.0,0.0,0.03582014708589715,0.007113218582385939,0.22764626665745763,0.2634664137433548
Llama-3.1-8B,LC20K,8,M3D_NMP_CPA,20000,128,32,5,0,0.0,0.0,0.03582014708589715,0.007113218582385939,0.22764626665745763,0.2634664137433548
Llama-3.1-8B,LC20K,8,M3D_NMP_CPA,20000,128,32,6,0,0.0,0.0,0.03582014708589715,0.007113218582385939,0.22764626665745763,0.2634664137433548
Llama-3.1-8B,LC20K,8,M3D_NMP_CPA,20000,128,32,7,0,0.0,0.0,0.03582014708589715,0.007113218582385939,0.22764626665745763,0.2634664137433548
Llama-3.1-8B,LC20K,32,HBM_HOST_OFFLOAD,20000,128,32,0,0,0.0,0.0,0.1432805883435886,0.03221598955085586,1.0315856754846735,1.174866263828262
Llama-3.1-8B,LC20K,32,HBM_HOST_OFFLOAD,20000,128,32,1,0,0.0,0.0,0.1432805883435886,0.03221598955085586,1.0315856754846735,1.174866263828262
Llama-3.1-8B,LC20K,32,HBM_HOST_OFFLOAD,20000,128,32,2,0,0.0,0.0,0.1432805883435886,0.03221598955085586,1.0315856754846735,1.174866263828262
Llama-3.1-8B,LC20K,32,HBM_HOST_OFFLOAD,20000,128,32,3,0,0.0,0.0,0.1432805883435886,0.03221598955085586,1.0315856754846735,1.174866263828262
Llama-3.1-8B,LC20K,32,HBM_HOST_OFFLOAD,20000,128,32,4,0,0.0,0.0,0.1432805883435886,0.03221598955085586,1.0315856754846735,1.174866263828262
Llama-3.1-8B,LC20K,32,HBM_HOST_OFFLOAD,20000,128,32,5,0,0.0,0.0,0.1432805883435886,0.03221598955085586,1.0315856754846735,1.174866263828262
Llama-3.1-8B,LC20K,32,HBM_HOST_OFFLOAD,20000,128,32,6,0,0.0,0.0,0.1432805883435886,0.03221598955085586,1.0315856754846735,1.174866263828262
Llama-3.1-8B,LC20K,32,HBM_HOST_OFFLOAD,20000,128,32,7,0,0.0,0.0,0.1432805883435886,0.03221598955085586,1.0315856754846735,1.174866263828262
Llama-3.1-8B,LC20K,32,HBM_HOST_OFFLOAD,20000,128,32,8,0,0.0,0.0,0.1432805883435886,0.03221598955085586,1.0315856754846735,1.174866263828262
Llama-3.1-8B,LC20K,32,HBM_HOST_OFFLOAD,20000,128,32,9,0,0.0,0.0,0.1432805883435886,0.03221598955085586,1.0315856754846735,1.174866263828262
Llama-3.1-8B,LC20K,32,HBM_HOST_OFFLOAD,20000,128,32,10,0,0.0,0.0,0.1432805883435886,0.03221598955085586,1.0315856754846735,1.174866263828262
Llama-3.1-8B,LC20K,32,HBM_HOST_OFFLOAD,20000,128,32,11,0,0.0,0.0,0.1432805883435886,0.03221598955085586,1.0315856754846735,1.174866263828262
Llama-3.1-8B,LC20K,32,HBM_HOST_OFFLOAD,20000,128,32,12,0,0.0,0.0,0.1432805883435886,0.03221598955085586,1.0315856754846735,1.174866263828262
Llama-3.1-8B,LC20K,32,HBM_HOST_OFFLOAD,20000,128,32,13,0,0.0,0.0,0.1432805883435886,0.03221598955085586,1.0315856754846735,1.174866263828262
Llama-3.1-8B,LC20K,32,HBM_HOST_OFFLOAD,20000,128,32,14,0,0.0,0.0,0.1432805883435886,0.03221598955085586,1.0315856754846735,1.174866263828262
Llama-3.1-8B,LC20K,32,HBM_HOST_OFFLOAD,20000,128,32,15,0,0.0,0.0,0.1432805883435886,0.03221598955085586,1.0315856754846735,1.174866263828262
Llama-3.1-8B,LC20K,32,HBM_HOST_OFFLOAD,20000,128,32,16,0,0.0,0.0,0.1432805883435886,0.03221598955085586,1.0315856754846735,1.174866263828262
Llama-3.1-8B,LC20K,32,HBM_HOST_OFFLOAD,20000,128,32,17,0,0.0,0.0,0.1432805883435886,0.03221598955085586,1.0315856754846735,1.174866263828262
Llama-3.1-8B,LC20K,32,HBM_HOST_OFFLOAD,20000,128,32,18,0,0.0,0.0,0.1432805883435886,0.03221598955085586,1.0315856754846735,1.174866263828262
Llama-3.1-8B,LC20K,32,HBM_HOST_OFFLOAD,20000,128,32,19,0,0.0,0.0,0.1432805883435886,0.03221598955085586,1.0315856754846735,1.174866263828262
Llama-3.1-8B,LC20K,32,HBM_HOST_OFFLOAD,20000,128,32,20,0,0.0,0.0,0.1432805883435886,0.03221598955085586,1.0315856754846735,1.174866263828262
Llama-3.1-8B,LC20K,32,HBM_HOST_OFFLOAD,20000,128,32,21,0,0.0,0.0,0.1432805883435886,0.03221598955085586,1.0315856754846735,1.174866263828262
Llama-3.1-8B,LC20K,32,HBM_HOST_OFFLOAD,20000,128,32,22,0,0.0,0.0,0.1432805883435886,0.03221598955085586,1.0315856754846735,1.174866263828262
Llama-3.1-8B,LC20K,32,HBM_HOST_OFFLOAD,20000,128,32,23,0,0.0,0.0,0.1432805883435886,0.03221598955085586,1.0315856754846735,1.174866263828262
Llama-3.1-8B,LC20K,32,HBM_HOST_OFFLOAD,20000,128,32,24,0,0.0,0.0,0.1432805883435886,0.03221598955085586,1.0315856754846735,1.174866263828262
Llama-3.1-8B,LC20K,32,HBM_HOST_OFFLOAD,20000,128,32,25,0,0.0,0.0,0.1432805883435886,0.03221598955085586,1.0315856754846735,1.174866263828262
Llama-3.1-8B,LC20K,32,HBM_HOST_OFFLOAD,20000,128,32,26,0,0.0,0.0,0.1432805883435886,0.03221598955085586,1.0315856754846735,1.174866263828262
Llama-3.1-8B,LC20K,32,HBM_HOST_OFFLOAD,20000,128,32,27,0,0.0,0.0,0.1432805883435886,0.03221598955085586,1.0315856754846735,1.174866263828262
Llama-3.1-8B,LC20K,32,HBM_HOST_OFFLOAD,20000,128,32,28,0,0.0,0.0,0.1432805883435886,0.03221598955085586,1.0315856754846735,1.174866263828262
Llama-3.1-8B,LC20K,32,HBM_HOST_OFFLOAD,20000,128,32,29,0,0.0,0.0,0.1432805883435886,0.03221598955085586,1.0315856754846735,1.174866263828262
Llama-3.1-8B,LC20K,32,HBM_HOST_OFFLOAD,20000,128,32,30,0,0.0,0.0,0.1432805883435886,0.03221598955085586,1.0315856754846735,1.174866263828262
Llama-3.1-8B,LC20K,32,HBM_HOST_OFFLOAD,20000,128,32,31,0,0.0,0.0,0.1432805883435886,0.03221598955085586,1.0315856754846735,1.174866263828262
Llama-3.1-8B,LC20K,32,HBM_RESIDENT_WAVE,20000,128,32,0,0,0.0,0.0,0.1432805883435886,0.03221598955085586,1.0315856754846735,1.174866263828262
Llama-3.1-8B,LC20K,32,HBM_RESIDENT_WAVE,20000,128,32,1,0,0.0,0.0,0.1432805883435886,0.03221598955085586,1.0315856754846735,1.174866263828262
Llama-3.1-8B,LC20K,32,HBM_RESIDENT_WAVE,20000,128,32,2,0,0.0,0.0,0.1432805883435886,0.03221598955085586,1.0315856754846735,1.174866263828262
Llama-3.1-8B,LC20K,32,HBM_RESIDENT_WAVE,20000,128,32,3,0,0.0,0.0,0.1432805883435886,0.03221598955085586,1.0315856754846735,1.174866263828262
Llama-3.1-8B,LC20K,32,HBM_RESIDENT_WAVE,20000,128,32,4,0,0.0,0.0,0.1432805883435886,0.03221598955085586,1.0315856754846735,1.174866263828262
Llama-3.1-8B,LC20K,32,HBM_RESIDENT_WAVE,20000,128,32,5,0,0.0,0.0,0.1432805883435886,0.03221598955085586,1.0315856754846735,1.174866263828262
Llama-3.1-8B,LC20K,32,HBM_RESIDENT_WAVE,20000,128,32,6,0,0.0,0.0,0.1432805883435886,0.03221598955085586,1.0315856754846735,1.174866263828262
Llama-3.1-8B,LC20K,32,HBM_RESIDENT_WAVE,20000,128,32,7,0,0.0,0.0,0.1432805883435886,0.03221598955085586,1.0315856754846735,1.174866263828262
Llama-3.1-8B,LC20K,32,HBM_RESIDENT_WAVE,20000,128,32,8,0,0.0,0.0,0.1432805883435886,0.03221598955085586,1.0315856754846735,1.174866263828262
Llama-3.1-8B,LC20K,32,HBM_RESIDENT_WAVE,20000,128,32,9,0,0.0,0.0,0.1432805883435886,0.03221598955085586,1.0315856754846735,1.174866263828262
Llama-3.1-8B,LC20K,32,HBM_RESIDENT_WAVE,20000,128,32,10,0,0.0,0.0,0.1432805883435886,0.03221598955085586,1.0315856754846735,1.174866263828262
Llama-3.1-8B,LC20K,32,HBM_RESIDENT_WAVE,20000,128,32,11,0,0.0,0.0,0.1432805883435886,0.03221598955085586,1.0315856754846735,1.174866263828262
Llama-3.1-8B,LC20K,32,HBM_RESIDENT_WAVE,20000,128,32,12,0,0.0,0.0,0.1432805883435886,0.03221598955085586,1.0315856754846735,1.174866263828262
Llama-3.1-8B,LC20K,32,HBM_RESIDENT_WAVE,20000,128,32,13,0,0.0,0.0,0.1432805883435886,0.03221598955085586,1.0315856754846735,1.174866263828262
Llama-3.1-8B,LC20K,32,HBM_RESIDENT_WAVE,20000,128,32,14,0,0.0,0.0,0.1432805883435886,0.03221598955085586,1.0315856754846735,1.174866263828262
Llama-3.1-8B,LC20K,32,HBM_RESIDENT_WAVE,20000,128,32,15,0,0.0,0.0,0.1432805883435886,0.03221598955085586,1.0315856754846735,1.174866263828262
Llama-3.1-8B,LC20K,32,HBM_RESIDENT_WAVE,20000,128,32,16,0,0.0,0.0,0.1432805883435886,0.03221598955085586,1.0315856754846735,1.174866263828262
Llama-3.1-8B,LC20K,32,HBM_RESIDENT_WAVE,20000,128,32,17,0,0.0,0.0,0.1432805883435886,0.03221598955085586,1.0315856754846735,1.174866263828262
Llama-3.1-8B,LC20K,32,HBM_RESIDENT_WAVE,20000,128,32,18,0,0.0,0.0,0.1432805883435886,0.03221598955085586,1.0315856754846735,1.174866263828262
Llama-3.1-8B,LC20K,32,HBM_RESIDENT_WAVE,20000,128,32,19,0,0.0,0.0,0.1432805883435886,0.03221598955085586,1.0315856754846735,1.174866263828262
Llama-3.1-8B,LC20K,32,HBM_RESIDENT_WAVE,20000,128,32,20,0,0.0,0.0,0.1432805883435886,0.03221598955085586,1.0315856754846735,1.174866263828262
Llama-3.1-8B,LC20K,32,HBM_RESIDENT_WAVE,20000,128,32,21,0,0.0,0.0,0.1432805883435886,0.03221598955085586,1.0315856754846735,1.174866263828262
Llama-3.1-8B,LC20K,32,HBM_RESIDENT_WAVE,20000,128,32,22,0,0.0,0.0,0.1432805883435886,0.03221598955085586,1.0315856754846735,1.174866263828262
Llama-3.1-8B,LC20K,32,HBM_RESIDENT_WAVE,20000,128,32,23,0,0.0,0.0,0.1432805883435886,0.03221598955085586,1.0315856754846735,1.174866263828262
Llama-3.1-8B,LC20K,32,HBM_RESIDENT_WAVE,20000,128,32,24,0,0.0,0.0,0.1432805883435886,0.03221598955085586,1.0315856754846735,1.174866263828262
Llama-3.1-8B,LC20K,32,HBM_RESIDENT_WAVE,20000,128,32,25,0,0.0,0.0,0.1432805883435886,0.03221598955085586,1.0315856754846735,1.174866263828262
Llama-3.1-8B,LC20K,32,HBM_RESIDENT_WAVE,20000,128,32,26,0,0.0,0.0,0.1432805883435886,0.03221598955085586,1.0315856754846735,1.174866263828262
Llama-3.1-8B,LC20K,32,HBM_RESIDENT_WAVE,20000,128,32,27,0,0.0,0.0,0.1432805883435886,0.03221598955085586,1.0315856754846735,1.174866263828262
Llama-3.1-8B,LC20K,32,HBM_RESIDENT_WAVE,20000,128,32,28,0,0.0,0.0,0.1432805883435886,0.03221598955085586,1.0315856754846735,1.174866263828262
Llama-3.1-8B,LC20K,32,HBM_RESIDENT_WAVE,20000,128,32,29,0,0.0,0.0,0.1432805883435886,0.03221598955085586,1.0315856754846735,1.174866263828262
Llama-3.1-8B,LC20K,32,HBM_RESIDENT_WAVE,20000,128,32,30,0,0.0,0.0,0.1432805883435886,0.03221598955085586,1.0315856754846735,1.174866263828262
Llama-3.1-8B,LC20K,32,HBM_RESIDENT_WAVE,20000,128,32,31,0,0.0,0.0,0.1432805883435886,0.03221598955085586,1.0315856754846735,1.174866263828262
Llama-3.1-8B,LC20K,32,HBM_BEST,20000,128,32,0,0,0.0,0.0,0.1432805883435886,0.03221598955085586,1.0315856754846735,1.174866263828262
Llama-3.1-8B,LC20K,32,HBM_BEST,20000,128,32,1,0,0.0,0.0,0.1432805883435886,0.03221598955085586,1.0315856754846735,1.174866263828262
Llama-3.1-8B,LC20K,32,HBM_BEST,20000,128,32,2,0,0.0,0.0,0.1432805883435886,0.03221598955085586,1.0315856754846735,1.174866263828262
Llama-3.1-8B,LC20K,32,HBM_BEST,20000,128,32,3,0,0.0,0.0,0.1432805883435886,0.03221598955085586,1.0315856754846735,1.174866263828262
Llama-3.1-8B,LC20K,32,HBM_BEST,20000,128,32,4,0,0.0,0.0,0.1432805883435886,0.03221598955085586,1.0315856754846735,1.174866263828262
Llama-3.1-8B,LC20K,32,HBM_BEST,20000,128,32,5,0,0.0,0.0,0.1432805883435886,0.03221598955085586,1.0315856754846735,1.174866263828262
Llama-3.1-8B,LC20K,32,HBM_BEST,20000,128,32,6,0,0.0,0.0,0.1432805883435886,0.03221598955085586,1.0315856754846735,1.174866263828262
Llama-3.1-8B,LC20K,32,HBM_BEST,20000,128,32,7,0,0.0,0.0,0.1432805883435886,0.03221598955085586,1.0315856754846735,1.174866263828262
Llama-3.1-8B,LC20K,32,HBM_BEST,20000,128,32,8,0,0.0,0.0,0.1432805883435886,0.03221598955085586,1.0315856754846735,1.174866263828262
Llama-3.1-8B,LC20K,32,HBM_BEST,20000,128,32,9,0,0.0,0.0,0.1432805883435886,0.03221598955085586,1.0315856754846735,1.174866263828262
Llama-3.1-8B,LC20K,32,HBM_BEST,20000,128,32,10,0,0.0,0.0,0.1432805883435886,0.03221598955085586,1.0315856754846735,1.174866263828262
Llama-3.1-8B,LC20K,32,HBM_BEST,20000,128,32,11,0,0.0,0.0,0.1432805883435886,0.03221598955085586,1.0315856754846735,1.174866263828262
Llama-3.1-8B,LC20K,32,HBM_BEST,20000,128,32,12,0,0.0,0.0,0.1432805883435886,0.03221598955085586,1.0315856754846735,1.174866263828262
Llama-3.1-8B,LC20K,32,HBM_BEST,20000,128,32,13,0,0.0,0.0,0.1432805883435886,0.03221598955085586,1.0315856754846735,1.174866263828262
Llama-3.1-8B,LC20K,32,HBM_BEST,20000,128,32,14,0,0.0,0.0,0.1432805883435886,0.03221598955085586,1.0315856754846735,1.174866263828262
Llama-3.1-8B,LC20K,32,HBM_BEST,20000,128,32,15,0,0.0,0.0,0.1432805883435886,0.03221598955085586,1.0315856754846735,1.174866263828262
Llama-3.1-8B,LC20K,32,HBM_BEST,20000,128,32,16,0,0.0,0.0,0.1432805883435886,0.03221598955085586,1.0315856754846735,1.174866263828262
Llama-3.1-8B,LC20K,32,HBM_BEST,20000,128,32,17,0,0.0,0.0,0.1432805883435886,0.03221598955085586,1.0315856754846735,1.174866263828262
Llama-3.1-8B,LC20K,32,HBM_BEST,20000,128,32,18,0,0.0,0.0,0.1432805883435886,0.03221598955085586,1.0315856754846735,1.174866263828262
Llama-3.1-8B,LC20K,32,HBM_BEST,20000,128,32,19,0,0.0,0.0,0.1432805883435886,0.03221598955085586,1.0315856754846735,1.174866263828262
Llama-3.1-8B,LC20K,32,HBM_BEST,20000,128,32,20,0,0.0,0.0,0.1432805883435886,0.03221598955085586,1.0315856754846735,1.174866263828262
Llama-3.1-8B,LC20K,32,HBM_BEST,20000,128,32,21,0,0.0,0.0,0.1432805883435886,0.03221598955085586,1.0315856754846735,1.174866263828262
Llama-3.1-8B,LC20K,32,HBM_BEST,20000,128,32,22,0,0.0,0.0,0.1432805883435886,0.03221598955085586,1.0315856754846735,1.174866263828262
Llama-3.1-8B,LC20K,32,HBM_BEST,20000,128,32,23,0,0.0,0.0,0.1432805883435886,0.03221598955085586,1.0315856754846735,1.174866263828262
Llama-3.1-8B,LC20K,32,HBM_BEST,20000,128,32,24,0,0.0,0.0,0.1432805883435886,0.03221598955085586,1.0315856754846735,1.174866263828262
Llama-3.1-8B,LC20K,32,HBM_BEST,20000,128,32,25,0,0.0,0.0,0.1432805883435886,0.03221598955085586,1.0315856754846735,1.174866263828262
Llama-3.1-8B,LC20K,32,HBM_BEST,20000,128,32,26,0,0.0,0.0,0.1432805883435886,0.03221598955085586,1.0315856754846735,1.174866263828262
Llama-3.1-8B,LC20K,32,HBM_BEST,20000,128,32,27,0,0.0,0.0,0.1432805883435886,0.03221598955085586,1.0315856754846735,1.174866263828262
Llama-3.1-8B,LC20K,32,HBM_BEST,20000,128,32,28,0,0.0,0.0,0.1432805883435886,0.03221598955085586,1.0315856754846735,1.174866263828262
Llama-3.1-8B,LC20K,32,HBM_BEST,20000,128,32,29,0,0.0,0.0,0.1432805883435886,0.03221598955085586,1.0315856754846735,1.174866263828262
Llama-3.1-8B,LC20K,32,HBM_BEST,20000,128,32,30,0,0.0,0.0,0.1432805883435886,0.03221598955085586,1.0315856754846735,1.174866263828262
Llama-3.1-8B,LC20K,32,HBM_BEST,20000,128,32,31,0,0.0,0.0,0.1432805883435886,0.03221598955085586,1.0315856754846735,1.174866263828262
Llama-3.1-8B,LC20K,32,M3D_GPU,20000,128,32,0,0,0.0,0.0,0.1432805883435886,0.03025940406884731,0.9689334974021183,1.1122140857457068
Llama-3.1-8B,LC20K,32,M3D_GPU,20000,128,32,1,0,0.0,0.0,0.1432805883435886,0.03025940406884731,0.9689334974021183,1.1122140857457068
Llama-3.1-8B,LC20K,32,M3D_GPU,20000,128,32,2,0,0.0,0.0,0.1432805883435886,0.03025940406884731,0.9689334974021183,1.1122140857457068
Llama-3.1-8B,LC20K,32,M3D_GPU,20000,128,32,3,0,0.0,0.0,0.1432805883435886,0.03025940406884731,0.9689334974021183,1.1122140857457068
Llama-3.1-8B,LC20K,32,M3D_GPU,20000,128,32,4,0,0.0,0.0,0.1432805883435886,0.03025940406884731,0.9689334974021183,1.1122140857457068
Llama-3.1-8B,LC20K,32,M3D_GPU,20000,128,32,5,0,0.0,0.0,0.1432805883435886,0.03025940406884731,0.9689334974021183,1.1122140857457068
Llama-3.1-8B,LC20K,32,M3D_GPU,20000,128,32,6,0,0.0,0.0,0.1432805883435886,0.03025940406884731,0.9689334974021183,1.1122140857457068
Llama-3.1-8B,LC20K,32,M3D_GPU,20000,128,32,7,0,0.0,0.0,0.1432805883435886,0.03025940406884731,0.9689334974021183,1.1122140857457068
Llama-3.1-8B,LC20K,32,M3D_GPU,20000,128,32,8,0,0.0,0.0,0.1432805883435886,0.03025940406884731,0.9689334974021183,1.1122140857457068
Llama-3.1-8B,LC20K,32,M3D_GPU,20000,128,32,9,0,0.0,0.0,0.1432805883435886,0.03025940406884731,0.9689334974021183,1.1122140857457068
Llama-3.1-8B,LC20K,32,M3D_GPU,20000,128,32,10,0,0.0,0.0,0.1432805883435886,0.03025940406884731,0.9689334974021183,1.1122140857457068
Llama-3.1-8B,LC20K,32,M3D_GPU,20000,128,32,11,0,0.0,0.0,0.1432805883435886,0.03025940406884731,0.9689334974021183,1.1122140857457068
Llama-3.1-8B,LC20K,32,M3D_GPU,20000,128,32,12,0,0.0,0.0,0.1432805883435886,0.03025940406884731,0.9689334974021183,1.1122140857457068
Llama-3.1-8B,LC20K,32,M3D_GPU,20000,128,32,13,0,0.0,0.0,0.1432805883435886,0.03025940406884731,0.9689334974021183,1.1122140857457068
Llama-3.1-8B,LC20K,32,M3D_GPU,20000,128,32,14,0,0.0,0.0,0.1432805883435886,0.03025940406884731,0.9689334974021183,1.1122140857457068
Llama-3.1-8B,LC20K,32,M3D_GPU,20000,128,32,15,0,0.0,0.0,0.1432805883435886,0.03025940406884731,0.9689334974021183,1.1122140857457068
Llama-3.1-8B,LC20K,32,M3D_GPU,20000,128,32,16,0,0.0,0.0,0.1432805883435886,0.03025940406884731,0.9689334974021183,1.1122140857457068
Llama-3.1-8B,LC20K,32,M3D_GPU,20000,128,32,17,0,0.0,0.0,0.1432805883435886,0.03025940406884731,0.9689334974021183,1.1122140857457068
Llama-3.1-8B,LC20K,32,M3D_GPU,20000,128,32,18,0,0.0,0.0,0.1432805883435886,0.03025940406884731,0.9689334974021183,1.1122140857457068
Llama-3.1-8B,LC20K,32,M3D_GPU,20000,128,32,19,0,0.0,0.0,0.1432805883435886,0.03025940406884731,0.9689334974021183,1.1122140857457068
Llama-3.1-8B,LC20K,32,M3D_GPU,20000,128,32,20,0,0.0,0.0,0.1432805883435886,0.03025940406884731,0.9689334974021183,1.1122140857457068
Llama-3.1-8B,LC20K,32,M3D_GPU,20000,128,32,21,0,0.0,0.0,0.1432805883435886,0.03025940406884731,0.9689334974021183,1.1122140857457068
Llama-3.1-8B,LC20K,32,M3D_GPU,20000,128,32,22,0,0.0,0.0,0.1432805883435886,0.03025940406884731,0.9689334974021183,1.1122140857457068
Llama-3.1-8B,LC20K,32,M3D_GPU,20000,128,32,23,0,0.0,0.0,0.1432805883435886,0.03025940406884731,0.9689334974021183,1.1122140857457068
Llama-3.1-8B,LC20K,32,M3D_GPU,20000,128,32,24,0,0.0,0.0,0.1432805883435886,0.03025940406884731,0.9689334974021183,1.1122140857457068
Llama-3.1-8B,LC20K,32,M3D_GPU,20000,128,32,25,0,0.0,0.0,0.1432805883435886,0.03025940406884731,0.9689334974021183,1.1122140857457068
Llama-3.1-8B,LC20K,32,M3D_GPU,20000,128,32,26,0,0.0,0.0,0.1432805883435886,0.03025940406884731,0.9689334974021183,1.1122140857457068
Llama-3.1-8B,LC20K,32,M3D_GPU,20000,128,32,27,0,0.0,0.0,0.1432805883435886,0.03025940406884731,0.9689334974021183,1.1122140857457068
Llama-3.1-8B,LC20K,32,M3D_GPU,20000,128,32,28,0,0.0,0.0,0.1432805883435886,0.03025940406884731,0.9689334974021183,1.1122140857457068
Llama-3.1-8B,LC20K,32,M3D_GPU,20000,128,32,29,0,0.0,0.0,0.1432805883435886,0.03025940406884731,0.9689334974021183,1.1122140857457068
Llama-3.1-8B,LC20K,32,M3D_GPU,20000,128,32,30,0,0.0,0.0,0.1432805883435886,0.03025940406884731,0.9689334974021183,1.1122140857457068
Llama-3.1-8B,LC20K,32,M3D_GPU,20000,128,32,31,0,0.0,0.0,0.1432805883435886,0.03025940406884731,0.9689334974021183,1.1122140857457068
Llama-3.1-8B,LC20K,32,M3D_NMP_UNIFORM,20000,128,32,0,0,0.0,0.0,0.1432805883435886,0.0338670299473999,1.0838011607650213,1.22708174910861
Llama-3.1-8B,LC20K,32,M3D_NMP_UNIFORM,20000,128,32,1,0,0.0,0.0,0.1432805883435886,0.0338670299473999,1.0838011607650213,1.22708174910861
Llama-3.1-8B,LC20K,32,M3D_NMP_UNIFORM,20000,128,32,2,0,0.0,0.0,0.1432805883435886,0.0338670299473999,1.0838011607650213,1.22708174910861
Llama-3.1-8B,LC20K,32,M3D_NMP_UNIFORM,20000,128,32,3,0,0.0,0.0,0.1432805883435886,0.0338670299473999,1.0838011607650213,1.22708174910861
Llama-3.1-8B,LC20K,32,M3D_NMP_UNIFORM,20000,128,32,4,0,0.0,0.0,0.1432805883435886,0.0338670299473999,1.0838011607650213,1.22708174910861
Llama-3.1-8B,LC20K,32,M3D_NMP_UNIFORM,20000,128,32,5,0,0.0,0.0,0.1432805883435886,0.0338670299473999,1.0838011607650213,1.22708174910861
Llama-3.1-8B,LC20K,32,M3D_NMP_UNIFORM,20000,128,32,6,0,0.0,0.0,0.1432805883435886,0.0338670299473999,1.0838011607650213,1.22708174910861
Llama-3.1-8B,LC20K,32,M3D_NMP_UNIFORM,20000,128,32,7,0,0.0,0.0,0.1432805883435886,0.0338670299473999,1.0838011607650213,1.22708174910861
Llama-3.1-8B,LC20K,32,M3D_NMP_UNIFORM,20000,128,32,8,0,0.0,0.0,0.1432805883435886,0.0338670299473999,1.0838011607650213,1.22708174910861
Llama-3.1-8B,LC20K,32,M3D_NMP_UNIFORM,20000,128,32,9,0,0.0,0.0,0.1432805883435886,0.0338670299473999,1.0838011607650213,1.22708174910861
Llama-3.1-8B,LC20K,32,M3D_NMP_UNIFORM,20000,128,32,10,0,0.0,0.0,0.1432805883435886,0.0338670299473999,1.0838011607650213,1.22708174910861
Llama-3.1-8B,LC20K,32,M3D_NMP_UNIFORM,20000,128,32,11,0,0.0,0.0,0.1432805883435886,0.0338670299473999,1.0838011607650213,1.22708174910861
Llama-3.1-8B,LC20K,32,M3D_NMP_UNIFORM,20000,128,32,12,0,0.0,0.0,0.1432805883435886,0.0338670299473999,1.0838011607650213,1.22708174910861
Llama-3.1-8B,LC20K,32,M3D_NMP_UNIFORM,20000,128,32,13,0,0.0,0.0,0.1432805883435886,0.0338670299473999,1.0838011607650213,1.22708174910861
Llama-3.1-8B,LC20K,32,M3D_NMP_UNIFORM,20000,128,32,14,0,0.0,0.0,0.1432805883435886,0.0338670299473999,1.0838011607650213,1.22708174910861
Llama-3.1-8B,LC20K,32,M3D_NMP_UNIFORM,20000,128,32,15,0,0.0,0.0,0.1432805883435886,0.0338670299473999,1.0838011607650213,1.22708174910861
Llama-3.1-8B,LC20K,32,M3D_NMP_UNIFORM,20000,128,32,16,0,0.0,0.0,0.1432805883435886,0.0338670299473999,1.0838011607650213,1.22708174910861
Llama-3.1-8B,LC20K,32,M3D_NMP_UNIFORM,20000,128,32,17,0,0.0,0.0,0.1432805883435886,0.0338670299473999,1.0838011607650213,1.22708174910861
Llama-3.1-8B,LC20K,32,M3D_NMP_UNIFORM,20000,128,32,18,0,0.0,0.0,0.1432805883435886,0.0338670299473999,1.0838011607650213,1.22708174910861
Llama-3.1-8B,LC20K,32,M3D_NMP_UNIFORM,20000,128,32,19,0,0.0,0.0,0.1432805883435886,0.0338670299473999,1.0838011607650213,1.22708174910861
Llama-3.1-8B,LC20K,32,M3D_NMP_UNIFORM,20000,128,32,20,0,0.0,0.0,0.1432805883435886,0.0338670299473999,1.0838011607650213,1.22708174910861
Llama-3.1-8B,LC20K,32,M3D_NMP_UNIFORM,20000,128,32,21,0,0.0,0.0,0.1432805883435886,0.0338670299473999,1.0838011607650213,1.22708174910861
Llama-3.1-8B,LC20K,32,M3D_NMP_UNIFORM,20000,128,32,22,0,0.0,0.0,0.1432805883435886,0.0338670299473999,1.0838011607650213,1.22708174910861
Llama-3.1-8B,LC20K,32,M3D_NMP_UNIFORM,20000,128,32,23,0,0.0,0.0,0.1432805883435886,0.0338670299473999,1.0838011607650213,1.22708174910861
Llama-3.1-8B,LC20K,32,M3D_NMP_UNIFORM,20000,128,32,24,0,0.0,0.0,0.1432805883435886,0.0338670299473999,1.0838011607650213,1.22708174910861
Llama-3.1-8B,LC20K,32,M3D_NMP_UNIFORM,20000,128,32,25,0,0.0,0.0,0.1432805883435886,0.0338670299473999,1.0838011607650213,1.22708174910861
Llama-3.1-8B,LC20K,32,M3D_NMP_UNIFORM,20000,128,32,26,0,0.0,0.0,0.1432805883435886,0.0338670299473999,1.0838011607650213,1.22708174910861
Llama-3.1-8B,LC20K,32,M3D_NMP_UNIFORM,20000,128,32,27,0,0.0,0.0,0.1432805883435886,0.0338670299473999,1.0838011607650213,1.22708174910861
Llama-3.1-8B,LC20K,32,M3D_NMP_UNIFORM,20000,128,32,28,0,0.0,0.0,0.1432805883435886,0.0338670299473999,1.0838011607650213,1.22708174910861
Llama-3.1-8B,LC20K,32,M3D_NMP_UNIFORM,20000,128,32,29,0,0.0,0.0,0.1432805883435886,0.0338670299473999,1.0838011607650213,1.22708174910861
Llama-3.1-8B,LC20K,32,M3D_NMP_UNIFORM,20000,128,32,30,0,0.0,0.0,0.1432805883435886,0.0338670299473999,1.0838011607650213,1.22708174910861
Llama-3.1-8B,LC20K,32,M3D_NMP_UNIFORM,20000,128,32,31,0,0.0,0.0,0.1432805883435886,0.0338670299473999,1.0838011607650213,1.22708174910861
Llama-3.1-8B,LC20K,32,M3D_NMP_CPA,20000,128,32,0,0,0.0,0.0,0.1432805883435886,0.027664766223494425,0.8853698555979154,1.0286504439415038
Llama-3.1-8B,LC20K,32,M3D_NMP_CPA,20000,128,32,1,0,0.0,0.0,0.1432805883435886,0.027664766223494425,0.8853698555979154,1.0286504439415038
Llama-3.1-8B,LC20K,32,M3D_NMP_CPA,20000,128,32,2,0,0.0,0.0,0.1432805883435886,0.027664766223494425,0.8853698555979154,1.0286504439415038
Llama-3.1-8B,LC20K,32,M3D_NMP_CPA,20000,128,32,3,0,0.0,0.0,0.1432805883435886,0.027664766223494425,0.8853698555979154,1.0286504439415038
Llama-3.1-8B,LC20K,32,M3D_NMP_CPA,20000,128,32,4,0,0.0,0.0,0.1432805883435886,0.027664766223494425,0.8853698555979154,1.0286504439415038
Llama-3.1-8B,LC20K,32,M3D_NMP_CPA,20000,128,32,5,0,0.0,0.0,0.1432805883435886,0.027664766223494425,0.8853698555979154,1.0286504439415038
Llama-3.1-8B,LC20K,32,M3D_NMP_CPA,20000,128,32,6,0,0.0,0.0,0.1432805883435886,0.027664766223494425,0.8853698555979154,1.0286504439415038
Llama-3.1-8B,LC20K,32,M3D_NMP_CPA,20000,128,32,7,0,0.0,0.0,0.1432805883435886,0.027664766223494425,0.8853698555979154,1.0286504439415038
Llama-3.1-8B,LC20K,32,M3D_NMP_CPA,20000,128,32,8,0,0.0,0.0,0.1432805883435886,0.027664766223494425,0.8853698555979154,1.0286504439415038
Llama-3.1-8B,LC20K,32,M3D_NMP_CPA,20000,128,32,9,0,0.0,0.0,0.1432805883435886,0.027664766223494425,0.8853698555979154,1.0286504439415038
Llama-3.1-8B,LC20K,32,M3D_NMP_CPA,20000,128,32,10,0,0.0,0.0,0.1432805883435886,0.027664766223494425,0.8853698555979154,1.0286504439415038
Llama-3.1-8B,LC20K,32,M3D_NMP_CPA,20000,128,32,11,0,0.0,0.0,0.1432805883435886,0.027664766223494425,0.8853698555979154,1.0286504439415038
Llama-3.1-8B,LC20K,32,M3D_NMP_CPA,20000,128,32,12,0,0.0,0.0,0.1432805883435886,0.027664766223494425,0.8853698555979154,1.0286504439415038
Llama-3.1-8B,LC20K,32,M3D_NMP_CPA,20000,128,32,13,0,0.0,0.0,0.1432805883435886,0.027664766223494425,0.8853698555979154,1.0286504439415038
Llama-3.1-8B,LC20K,32,M3D_NMP_CPA,20000,128,32,14,0,0.0,0.0,0.1432805883435886,0.027664766223494425,0.8853698555979154,1.0286504439415038
Llama-3.1-8B,LC20K,32,M3D_NMP_CPA,20000,128,32,15,0,0.0,0.0,0.1432805883435886,0.027664766223494425,0.8853698555979154,1.0286504439415038
Llama-3.1-8B,LC20K,32,M3D_NMP_CPA,20000,128,32,16,0,0.0,0.0,0.1432805883435886,0.027664766223494425,0.8853698555979154,1.0286504439415038
Llama-3.1-8B,LC20K,32,M3D_NMP_CPA,20000,128,32,17,0,0.0,0.0,0.1432805883435886,0.027664766223494425,0.8853698555979154,1.0286504439415038
Llama-3.1-8B,LC20K,32,M3D_NMP_CPA,20000,128,32,18,0,0.0,0.0,0.1432805883435886,0.027664766223494425,0.8853698555979154,1.0286504439415038
Llama-3.1-8B,LC20K,32,M3D_NMP_CPA,20000,128,32,19,0,0.0,0.0,0.1432805883435886,0.027664766223494425,0.8853698555979154,1.0286504439415038
Llama-3.1-8B,LC20K,32,M3D_NMP_CPA,20000,128,32,20,0,0.0,0.0,0.1432805883435886,0.027664766223494425,0.8853698555979154,1.0286504439415038
Llama-3.1-8B,LC20K,32,M3D_NMP_CPA,20000,128,32,21,0,0.0,0.0,0.1432805883435886,0.027664766223494425,0.8853698555979154,1.0286504439415038
Llama-3.1-8B,LC20K,32,M3D_NMP_CPA,20000,128,32,22,0,0.0,0.0,0.1432805883435886,0.027664766223494425,0.8853698555979154,1.0286504439415038
Llama-3.1-8B,LC20K,32,M3D_NMP_CPA,20000,128,32,23,0,0.0,0.0,0.1432805883435886,0.027664766223494425,0.8853698555979154,1.0286504439415038
Llama-3.1-8B,LC20K,32,M3D_NMP_CPA,20000,128,32,24,0,0.0,0.0,0.1432805883435886,0.027664766223494425,0.8853698555979154,1.0286504439415038
Llama-3.1-8B,LC20K,32,M3D_NMP_CPA,20000,128,32,25,0,0.0,0.0,0.1432805883435886,0.027664766223494425,0.8853698555979154,1.0286504439415038
Llama-3.1-8B,LC20K,32,M3D_NMP_CPA,20000,128,32,26,0,0.0,0.0,0.1432805883435886,0.027664766223494425,0.8853698555979154,1.0286504439415038
Llama-3.1-8B,LC20K,32,M3D_NMP_CPA,20000,128,32,27,0,0.0,0.0,0.1432805883435886,0.027664766223494425,0.8853698555979154,1.0286504439415038
Llama-3.1-8B,LC20K,32,M3D_NMP_CPA,20000,128,32,28,0,0.0,0.0,0.1432805883435886,0.027664766223494425,0.8853698555979154,1.0286504439415038
Llama-3.1-8B,LC20K,32,M3D_NMP_CPA,20000,128,32,29,0,0.0,0.0,0.1432805883435886,0.027664766223494425,0.8853698555979154,1.0286504439415038
Llama-3.1-8B,LC20K,32,M3D_NMP_CPA,20000,128,32,30,0,0.0,0.0,0.1432805883435886,0.027664766223494425,0.8853698555979154,1.0286504439415038
Llama-3.1-8B,LC20K,32,M3D_NMP_CPA,20000,128,32,31,0,0.0,0.0,0.1432805883435886,0.027664766223494425,0.8853698555979154,1.0286504439415038
Llama-3.1-8B,LC64K,1,HBM_HOST_OFFLOAD,64000,128,32,0,0,0.0,0.0,0.008695789837165714,0.007586053240993497,0.24277476651983204,0.2514705563569978
Llama-3.1-8B,LC64K,1,HBM_RESIDENT_WAVE,64000,128,32,0,0,0.0,0.0,0.008695789837165714,0.007586053240993497,0.24277476651983204,0.2514705563569978
Llama-3.1-8B,LC64K,1,HBM_BEST,64000,128,32,0,0,0.0,0.0,0.008695789837165714,0.007586053240993497,0.24277476651983204,0.2514705563569978
Llama-3.1-8B,LC64K,1,M3D_GPU,64000,128,32,0,0,0.0,0.0,0.008695789837165714,0.007334667576365949,0.23472842060127602,0.24342421043844173
Llama-3.1-8B,LC64K,1,M3D_NMP_UNIFORM,64000,128,32,0,0,0.0,0.0,0.008695789837165714,0.0017943455603396657,0.05742110996832036,0.06611689980548607
Llama-3.1-8B,LC64K,1,M3D_NMP_CPA,64000,128,32,0,0,0.0,0.0,0.008695789837165714,0.0016546268669092744,0.05294960591644247,0.06164539575360818
Llama-3.1-8B,LC64K,8,HBM_HOST_OFFLOAD,64000,128,32,0,0,0.0,0.0,0.06956631869732571,0.026648889798741783,0.8529329760240587,0.9224992947213844
Llama-3.1-8B,LC64K,8,HBM_HOST_OFFLOAD,64000,128,32,1,0,0.0,0.0,0.06956631869732571,0.026648889798741783,0.8529329760240587,0.9224992947213844
Llama-3.1-8B,LC64K,8,HBM_HOST_OFFLOAD,64000,128,32,2,0,0.0,0.0,0.06956631869732571,0.026648889798741783,0.8529329760240587,0.9224992947213844
Llama-3.1-8B,LC64K,8,HBM_HOST_OFFLOAD,64000,128,32,3,0,0.0,0.0,0.06956631869732571,0.026648889798741783,0.8529329760240587,0.9224992947213844
Llama-3.1-8B,LC64K,8,HBM_HOST_OFFLOAD,64000,128,32,4,0,0.0,0.0,0.06956631869732571,0.026648889798741783,0.8529329760240587,0.9224992947213844
Llama-3.1-8B,LC64K,8,HBM_HOST_OFFLOAD,64000,128,32,5,0,0.0,0.0,0.06956631869732571,0.026648889798741783,0.8529329760240587,0.9224992947213844
Llama-3.1-8B,LC64K,8,HBM_HOST_OFFLOAD,64000,128,32,6,0,0.0,0.0,0.06956631869732571,0.026648889798741783,0.8529329760240587,0.9224992947213844
Llama-3.1-8B,LC64K,8,HBM_HOST_OFFLOAD,64000,128,32,7,0,0.0,0.0,0.06956631869732571,0.026648889798741783,0.8529329760240587,0.9224992947213844
Llama-3.1-8B,LC64K,8,HBM_RESIDENT_WAVE,64000,128,32,0,0,0.0,0.0,0.06956631869732571,0.026648889798741783,0.8529329760240587,0.9224992947213844
Llama-3.1-8B,LC64K,8,HBM_RESIDENT_WAVE,64000,128,32,1,0,0.0,0.0,0.06956631869732571,0.026648889798741783,0.8529329760240587,0.9224992947213844
Llama-3.1-8B,LC64K,8,HBM_RESIDENT_WAVE,64000,128,32,2,0,0.0,0.0,0.06956631869732571,0.026648889798741783,0.8529329760240587,0.9224992947213844
Llama-3.1-8B,LC64K,8,HBM_RESIDENT_WAVE,64000,128,32,3,0,0.0,0.0,0.06956631869732571,0.026648889798741783,0.8529329760240587,0.9224992947213844
Llama-3.1-8B,LC64K,8,HBM_RESIDENT_WAVE,64000,128,32,4,0,0.0,0.0,0.06956631869732571,0.026648889798741783,0.8529329760240587,0.9224992947213844
Llama-3.1-8B,LC64K,8,HBM_RESIDENT_WAVE,64000,128,32,5,0,0.0,0.0,0.06956631869732571,0.026648889798741783,0.8529329760240587,0.9224992947213844
Llama-3.1-8B,LC64K,8,HBM_RESIDENT_WAVE,64000,128,32,6,0,0.0,0.0,0.06956631869732571,0.026648889798741783,0.8529329760240587,0.9224992947213844
Llama-3.1-8B,LC64K,8,HBM_RESIDENT_WAVE,64000,128,32,7,0,0.0,0.0,0.06956631869732571,0.026648889798741783,0.8529329760240587,0.9224992947213844
Llama-3.1-8B,LC64K,8,HBM_BEST,64000,128,32,0,0,0.0,0.0,0.06956631869732571,0.026648889798741783,0.8529329760240587,0.9224992947213844
Llama-3.1-8B,LC64K,8,HBM_BEST,64000,128,32,1,0,0.0,0.0,0.06956631869732571,0.026648889798741783,0.8529329760240587,0.9224992947213844
Llama-3.1-8B,LC64K,8,HBM_BEST,64000,128,32,2,0,0.0,0.0,0.06956631869732571,0.026648889798741783,0.8529329760240587,0.9224992947213844
Llama-3.1-8B,LC64K,8,HBM_BEST,64000,128,32,3,0,0.0,0.0,0.06956631869732571,0.026648889798741783,0.8529329760240587,0.9224992947213844
Llama-3.1-8B,LC64K,8,HBM_BEST,64000,128,32,4,0,0.0,0.0,0.06956631869732571,0.026648889798741783,0.8529329760240587,0.9224992947213844
Llama-3.1-8B,LC64K,8,HBM_BEST,64000,128,32,5,0,0.0,0.0,0.06956631869732571,0.026648889798741783,0.8529329760240587,0.9224992947213844
Llama-3.1-8B,LC64K,8,HBM_BEST,64000,128,32,6,0,0.0,0.0,0.06956631869732571,0.026648889798741783,0.8529329760240587,0.9224992947213844
Llama-3.1-8B,LC64K,8,HBM_BEST,64000,128,32,7,0,0.0,0.0,0.06956631869732571,0.026648889798741783,0.8529329760240587,0.9224992947213844
Llama-3.1-8B,LC64K,8,M3D_GPU,64000,128,32,0,0,0.0,0.0,0.06956631869732571,0.025056902526329687,0.801976842087813,0.8715431607851387
Llama-3.1-8B,LC64K,8,M3D_GPU,64000,128,32,1,0,0.0,0.0,0.06956631869732571,0.025056902526329687,0.801976842087813,0.8715431607851387
Llama-3.1-8B,LC64K,8,M3D_GPU,64000,128,32,2,0,0.0,0.0,0.06956631869732571,0.025056902526329687,0.801976842087813,0.8715431607851387
Llama-3.1-8B,LC64K,8,M3D_GPU,64000,128,32,3,0,0.0,0.0,0.06956631869732571,0.025056902526329687,0.801976842087813,0.8715431607851387
Llama-3.1-8B,LC64K,8,M3D_GPU,64000,128,32,4,0,0.0,0.0,0.06956631869732571,0.025056902526329687,0.801976842087813,0.8715431607851387
Llama-3.1-8B,LC64K,8,M3D_GPU,64000,128,32,5,0,0.0,0.0,0.06956631869732571,0.025056902526329687,0.801976842087813,0.8715431607851387
Llama-3.1-8B,LC64K,8,M3D_GPU,64000,128,32,6,0,0.0,0.0,0.06956631869732571,0.025056902526329687,0.801976842087813,0.8715431607851387
Llama-3.1-8B,LC64K,8,M3D_GPU,64000,128,32,7,0,0.0,0.0,0.06956631869732571,0.025056902526329687,0.801976842087813,0.8715431607851387
Llama-3.1-8B,LC64K,8,M3D_NMP_UNIFORM,64000,128,32,0,0,0.0,0.0,0.06956631869732571,0.010089269761717028,0.3228725866745528,0.39243890537187853
Llama-3.1-8B,LC64K,8,M3D_NMP_UNIFORM,64000,128,32,1,0,0.0,0.0,0.06956631869732571,0.010089269761717028,0.3228725866745528,0.39243890537187853
Llama-3.1-8B,LC64K,8,M3D_NMP_UNIFORM,64000,128,32,2,0,0.0,0.0,0.06956631869732571,0.010089269761717028,0.3228725866745528,0.39243890537187853
Llama-3.1-8B,LC64K,8,M3D_NMP_UNIFORM,64000,128,32,3,0,0.0,0.0,0.06956631869732571,0.010089269761717028,0.3228725866745528,0.39243890537187853
Llama-3.1-8B,LC64K,8,M3D_NMP_UNIFORM,64000,128,32,4,0,0.0,0.0,0.06956631869732571,0.010089269761717028,0.3228725866745528,0.39243890537187853
Llama-3.1-8B,LC64K,8,M3D_NMP_UNIFORM,64000,128,32,5,0,0.0,0.0,0.06956631869732571,0.010089269761717028,0.3228725866745528,0.39243890537187853
Llama-3.1-8B,LC64K,8,M3D_NMP_UNIFORM,64000,128,32,6,0,0.0,0.0,0.06956631869732571,0.010089269761717028,0.3228725866745528,0.39243890537187853
Llama-3.1-8B,LC64K,8,M3D_NMP_UNIFORM,64000,128,32,7,0,0.0,0.0,0.06956631869732571,0.010089269761717028,0.3228725866745528,0.39243890537187853
Llama-3.1-8B,LC64K,8,M3D_NMP_CPA,64000,128,32,0,0,0.0,0.0,0.06956631869732571,0.008883665533808881,0.2842926238148622,0.3538589425121879
Llama-3.1-8B,LC64K,8,M3D_NMP_CPA,64000,128,32,1,0,0.0,0.0,0.06956631869732571,0.008883665533808881,0.2842926238148622,0.3538589425121879
Llama-3.1-8B,LC64K,8,M3D_NMP_CPA,64000,128,32,2,0,0.0,0.0,0.06956631869732571,0.008883665533808881,0.2842926238148622,0.3538589425121879
Llama-3.1-8B,LC64K,8,M3D_NMP_CPA,64000,128,32,3,0,0.0,0.0,0.06956631869732571,0.008883665533808881,0.2842926238148622,0.3538589425121879
Llama-3.1-8B,LC64K,8,M3D_NMP_CPA,64000,128,32,4,0,0.0,0.0,0.06956631869732571,0.008883665533808881,0.2842926238148622,0.3538589425121879
Llama-3.1-8B,LC64K,8,M3D_NMP_CPA,64000,128,32,5,0,0.0,0.0,0.06956631869732571,0.008883665533808881,0.2842926238148622,0.3538589425121879
Llama-3.1-8B,LC64K,8,M3D_NMP_CPA,64000,128,32,6,0,0.0,0.0,0.06956631869732571,0.008883665533808881,0.2842926238148622,0.3538589425121879
Llama-3.1-8B,LC64K,8,M3D_NMP_CPA,64000,128,32,7,0,0.0,0.0,0.06956631869732571,0.008883665533808881,0.2842926238148622,0.3538589425121879
Llama-3.1-8B,LC64K,32,HBM_HOST_OFFLOAD,64000,128,32,0,0,0.0,0.0,0.33477162672815486,0.33478233059518664,10.718031396032089,11.052803022760244
Llama-3.1-8B,LC64K,32,HBM_HOST_OFFLOAD,64000,128,32,1,0,0.0,0.0,0.33477162672815486,0.33478233059518664,10.718031396032089,11.052803022760244
Llama-3.1-8B,LC64K,32,HBM_HOST_OFFLOAD,64000,128,32,2,0,0.0,0.0,0.33477162672815486,0.33478233059518664,10.718031396032089,11.052803022760244
Llama-3.1-8B,LC64K,32,HBM_HOST_OFFLOAD,64000,128,32,3,0,0.0,0.0,0.33477162672815486,0.33478233059518664,10.718031396032089,11.052803022760244
Llama-3.1-8B,LC64K,32,HBM_HOST_OFFLOAD,64000,128,32,4,0,0.0,0.0,0.33477162672815486,0.33478233059518664,10.718031396032089,11.052803022760244
Llama-3.1-8B,LC64K,32,HBM_HOST_OFFLOAD,64000,128,32,5,0,0.0,0.0,0.33477162672815486,0.33478233059518664,10.718031396032089,11.052803022760244
Llama-3.1-8B,LC64K,32,HBM_HOST_OFFLOAD,64000,128,32,6,0,0.0,0.0,0.33477162672815486,0.33478233059518664,10.718031396032089,11.052803022760244
Llama-3.1-8B,LC64K,32,HBM_HOST_OFFLOAD,64000,128,32,7,0,0.0,0.0,0.33477162672815486,0.33478233059518664,10.718031396032089,11.052803022760244
Llama-3.1-8B,LC64K,32,HBM_HOST_OFFLOAD,64000,128,32,8,0,0.0,0.0,0.33477162672815486,0.33478233059518664,10.718031396032089,11.052803022760244
Llama-3.1-8B,LC64K,32,HBM_HOST_OFFLOAD,64000,128,32,9,0,0.0,0.0,0.33477162672815486,0.33478233059518664,10.718031396032089,11.052803022760244
Llama-3.1-8B,LC64K,32,HBM_HOST_OFFLOAD,64000,128,32,10,0,0.0,0.0,0.33477162672815486,0.33478233059518664,10.718031396032089,11.052803022760244
Llama-3.1-8B,LC64K,32,HBM_HOST_OFFLOAD,64000,128,32,11,0,0.0,0.0,0.33477162672815486,0.33478233059518664,10.718031396032089,11.052803022760244
Llama-3.1-8B,LC64K,32,HBM_HOST_OFFLOAD,64000,128,32,12,0,0.0,0.0,0.33477162672815486,0.33478233059518664,10.718031396032089,11.052803022760244
Llama-3.1-8B,LC64K,32,HBM_HOST_OFFLOAD,64000,128,32,13,0,0.0,0.0,0.33477162672815486,0.33478233059518664,10.718031396032089,11.052803022760244
Llama-3.1-8B,LC64K,32,HBM_HOST_OFFLOAD,64000,128,32,14,0,0.0,0.0,0.33477162672815486,0.33478233059518664,10.718031396032089,11.052803022760244
Llama-3.1-8B,LC64K,32,HBM_HOST_OFFLOAD,64000,128,32,15,0,0.0,0.0,0.33477162672815486,0.33478233059518664,10.718031396032089,11.052803022760244
Llama-3.1-8B,LC64K,32,HBM_HOST_OFFLOAD,64000,128,32,16,0,0.0,0.0,0.33477162672815486,0.33478233059518664,10.718031396032089,11.052803022760244
Llama-3.1-8B,LC64K,32,HBM_HOST_OFFLOAD,64000,128,32,17,0,0.0,0.0,0.33477162672815486,0.33478233059518664,10.718031396032089,11.052803022760244
Llama-3.1-8B,LC64K,32,HBM_HOST_OFFLOAD,64000,128,32,18,0,0.0,0.0,0.33477162672815486,0.33478233059518664,10.718031396032089,11.052803022760244
Llama-3.1-8B,LC64K,32,HBM_HOST_OFFLOAD,64000,128,32,19,0,0.0,0.0,0.33477162672815486,0.33478233059518664,10.718031396032089,11.052803022760244
Llama-3.1-8B,LC64K,32,HBM_HOST_OFFLOAD,64000,128,32,20,0,0.0,0.0,0.33477162672815486,0.33478233059518664,10.718031396032089,11.052803022760244
Llama-3.1-8B,LC64K,32,HBM_HOST_OFFLOAD,64000,128,32,21,0,0.0,0.0,0.33477162672815486,0.33478233059518664,10.718031396032089,11.052803022760244
Llama-3.1-8B,LC64K,32,HBM_HOST_OFFLOAD,64000,128,32,22,0,0.0,0.0,0.33477162672815486,0.33478233059518664,10.718031396032089,11.052803022760244
Llama-3.1-8B,LC64K,32,HBM_HOST_OFFLOAD,64000,128,32,23,0,0.0,0.0,0.33477162672815486,0.33478233059518664,10.718031396032089,11.052803022760244
Llama-3.1-8B,LC64K,32,HBM_HOST_OFFLOAD,64000,128,32,24,0,0.0,0.0,0.33477162672815486,0.33478233059518664,10.718031396032089,11.052803022760244
Llama-3.1-8B,LC64K,32,HBM_HOST_OFFLOAD,64000,128,32,25,0,0.0,0.0,0.33477162672815486,0.33478233059518664,10.718031396032089,11.052803022760244
Llama-3.1-8B,LC64K,32,HBM_HOST_OFFLOAD,64000,128,32,26,0,0.0,0.0,0.33477162672815486,0.33478233059518664,10.718031396032089,11.052803022760244
Llama-3.1-8B,LC64K,32,HBM_HOST_OFFLOAD,64000,128,32,27,0,0.0,0.0,0.33477162672815486,0.33478233059518664,10.718031396032089,11.052803022760244
Llama-3.1-8B,LC64K,32,HBM_HOST_OFFLOAD,64000,128,32,28,0,0.0,0.0,0.33477162672815486,0.33478233059518664,10.718031396032089,11.052803022760244
Llama-3.1-8B,LC64K,32,HBM_HOST_OFFLOAD,64000,128,32,29,0,0.0,0.0,0.33477162672815486,0.33478233059518664,10.718031396032089,11.052803022760244
Llama-3.1-8B,LC64K,32,HBM_HOST_OFFLOAD,64000,128,32,30,0,0.0,0.0,0.33477162672815486,0.33478233059518664,10.718031396032089,11.052803022760244
Llama-3.1-8B,LC64K,32,HBM_HOST_OFFLOAD,64000,128,32,31,0,0.0,0.0,0.33477162672815486,0.33478233059518664,10.718031396032089,11.052803022760244
Llama-3.1-8B,LC64K,32,HBM_RESIDENT_WAVE,64000,128,32,0,0,0.0,0.0,0.13043684755748572,0.04571172635649007,1.463091185528285,1.5935280330857708
Llama-3.1-8B,LC64K,32,HBM_RESIDENT_WAVE,64000,128,32,1,0,0.0,0.0,0.13043684755748572,0.04571172635649007,1.463091185528285,1.5935280330857708
Llama-3.1-8B,LC64K,32,HBM_RESIDENT_WAVE,64000,128,32,2,0,0.0,0.0,0.13043684755748572,0.04571172635649007,1.463091185528285,1.5935280330857708
Llama-3.1-8B,LC64K,32,HBM_RESIDENT_WAVE,64000,128,32,3,0,0.0,0.0,0.13043684755748572,0.04571172635649007,1.463091185528285,1.5935280330857708
Llama-3.1-8B,LC64K,32,HBM_RESIDENT_WAVE,64000,128,32,4,0,0.0,0.0,0.13043684755748572,0.04571172635649007,1.463091185528285,1.5935280330857708
Llama-3.1-8B,LC64K,32,HBM_RESIDENT_WAVE,64000,128,32,5,0,0.0,0.0,0.13043684755748572,0.04571172635649007,1.463091185528285,1.5935280330857708
Llama-3.1-8B,LC64K,32,HBM_RESIDENT_WAVE,64000,128,32,6,0,0.0,0.0,0.13043684755748572,0.04571172635649007,1.463091185528285,1.5935280330857708
Llama-3.1-8B,LC64K,32,HBM_RESIDENT_WAVE,64000,128,32,7,0,0.0,0.0,0.13043684755748572,0.04571172635649007,1.463091185528285,1.5935280330857708
Llama-3.1-8B,LC64K,32,HBM_RESIDENT_WAVE,64000,128,32,8,0,0.0,0.0,0.13043684755748572,0.04571172635649007,1.463091185528285,1.5935280330857708
Llama-3.1-8B,LC64K,32,HBM_RESIDENT_WAVE,64000,128,32,9,0,0.0,0.0,0.13043684755748572,0.04571172635649007,1.463091185528285,1.5935280330857708
Llama-3.1-8B,LC64K,32,HBM_RESIDENT_WAVE,64000,128,32,10,0,0.0,0.0,0.13043684755748572,0.04571172635649007,1.463091185528285,1.5935280330857708
Llama-3.1-8B,LC64K,32,HBM_RESIDENT_WAVE,64000,128,32,11,0,0.0,0.0,0.13043684755748572,0.04571172635649007,1.463091185528285,1.5935280330857708
Llama-3.1-8B,LC64K,32,HBM_RESIDENT_WAVE,64000,128,32,12,0,0.0,0.0,0.13043684755748572,0.04571172635649007,1.463091185528285,1.5935280330857708
Llama-3.1-8B,LC64K,32,HBM_RESIDENT_WAVE,64000,128,32,13,0,0.0,0.0,0.13043684755748572,0.04571172635649007,1.463091185528285,1.5935280330857708
Llama-3.1-8B,LC64K,32,HBM_RESIDENT_WAVE,64000,128,32,14,0,0.0,0.0,0.13043684755748572,0.04571172635649007,1.463091185528285,1.5935280330857708
Llama-3.1-8B,LC64K,32,HBM_RESIDENT_WAVE,64000,128,32,15,1,1.5935280330857708,0.3022268338377288,0.13043684755748572,0.04571172635649007,1.463091185528285,3.4892829000092704
Llama-3.1-8B,LC64K,32,HBM_RESIDENT_WAVE,64000,128,32,16,1,1.5935280330857708,0.3022268338377288,0.13043684755748572,0.04571172635649007,1.463091185528285,3.4892829000092704
Llama-3.1-8B,LC64K,32,HBM_RESIDENT_WAVE,64000,128,32,17,1,1.5935280330857708,0.3022268338377288,0.13043684755748572,0.04571172635649007,1.463091185528285,3.4892829000092704
Llama-3.1-8B,LC64K,32,HBM_RESIDENT_WAVE,64000,128,32,18,1,1.5935280330857708,0.3022268338377288,0.13043684755748572,0.04571172635649007,1.463091185528285,3.4892829000092704
Llama-3.1-8B,LC64K,32,HBM_RESIDENT_WAVE,64000,128,32,19,1,1.5935280330857708,0.3022268338377288,0.13043684755748572,0.04571172635649007,1.463091185528285,3.4892829000092704
Llama-3.1-8B,LC64K,32,HBM_RESIDENT_WAVE,64000,128,32,20,1,1.5935280330857708,0.3022268338377288,0.13043684755748572,0.04571172635649007,1.463091185528285,3.4892829000092704
Llama-3.1-8B,LC64K,32,HBM_RESIDENT_WAVE,64000,128,32,21,1,1.5935280330857708,0.3022268338377288,0.13043684755748572,0.04571172635649007,1.463091185528285,3.4892829000092704
Llama-3.1-8B,LC64K,32,HBM_RESIDENT_WAVE,64000,128,32,22,1,1.5935280330857708,0.3022268338377288,0.13043684755748572,0.04571172635649007,1.463091185528285,3.4892829000092704
Llama-3.1-8B,LC64K,32,HBM_RESIDENT_WAVE,64000,128,32,23,1,1.5935280330857708,0.3022268338377288,0.13043684755748572,0.04571172635649007,1.463091185528285,3.4892829000092704
Llama-3.1-8B,LC64K,32,HBM_RESIDENT_WAVE,64000,128,32,24,1,1.5935280330857708,0.3022268338377288,0.13043684755748572,0.04571172635649007,1.463091185528285,3.4892829000092704
Llama-3.1-8B,LC64K,32,HBM_RESIDENT_WAVE,64000,128,32,25,1,1.5935280330857708,0.3022268338377288,0.13043684755748572,0.04571172635649007,1.463091185528285,3.4892829000092704
Llama-3.1-8B,LC64K,32,HBM_RESIDENT_WAVE,64000,128,32,26,1,1.5935280330857708,0.3022268338377288,0.13043684755748572,0.04571172635649007,1.463091185528285,3.4892829000092704
Llama-3.1-8B,LC64K,32,HBM_RESIDENT_WAVE,64000,128,32,27,1,1.5935280330857708,0.3022268338377288,0.13043684755748572,0.04571172635649007,1.463091185528285,3.4892829000092704
Llama-3.1-8B,LC64K,32,HBM_RESIDENT_WAVE,64000,128,32,28,1,1.5935280330857708,0.3022268338377288,0.13043684755748572,0.04571172635649007,1.463091185528285,3.4892829000092704
Llama-3.1-8B,LC64K,32,HBM_RESIDENT_WAVE,64000,128,32,29,1,1.5935280330857708,0.3022268338377288,0.13043684755748572,0.04571172635649007,1.463091185528285,3.4892829000092704
Llama-3.1-8B,LC64K,32,HBM_RESIDENT_WAVE,64000,128,32,30,2,3.4892829000092704,0.040296911178363835,0.017391579674331428,0.01030931560638611,0.32994022502043585,3.8769116158824017
Llama-3.1-8B,LC64K,32,HBM_RESIDENT_WAVE,64000,128,32,31,2,3.4892829000092704,0.040296911178363835,0.017391579674331428,0.01030931560638611,0.32994022502043585,3.8769116158824017
Llama-3.1-8B,LC64K,32,HBM_BEST,64000,128,32,0,0,0.0,0.0,0.13043684755748572,0.04571172635649007,1.463091185528285,1.5935280330857708
Llama-3.1-8B,LC64K,32,HBM_BEST,64000,128,32,1,0,0.0,0.0,0.13043684755748572,0.04571172635649007,1.463091185528285,1.5935280330857708
Llama-3.1-8B,LC64K,32,HBM_BEST,64000,128,32,2,0,0.0,0.0,0.13043684755748572,0.04571172635649007,1.463091185528285,1.5935280330857708
Llama-3.1-8B,LC64K,32,HBM_BEST,64000,128,32,3,0,0.0,0.0,0.13043684755748572,0.04571172635649007,1.463091185528285,1.5935280330857708
Llama-3.1-8B,LC64K,32,HBM_BEST,64000,128,32,4,0,0.0,0.0,0.13043684755748572,0.04571172635649007,1.463091185528285,1.5935280330857708
Llama-3.1-8B,LC64K,32,HBM_BEST,64000,128,32,5,0,0.0,0.0,0.13043684755748572,0.04571172635649007,1.463091185528285,1.5935280330857708
Llama-3.1-8B,LC64K,32,HBM_BEST,64000,128,32,6,0,0.0,0.0,0.13043684755748572,0.04571172635649007,1.463091185528285,1.5935280330857708
Llama-3.1-8B,LC64K,32,HBM_BEST,64000,128,32,7,0,0.0,0.0,0.13043684755748572,0.04571172635649007,1.463091185528285,1.5935280330857708
Llama-3.1-8B,LC64K,32,HBM_BEST,64000,128,32,8,0,0.0,0.0,0.13043684755748572,0.04571172635649007,1.463091185528285,1.5935280330857708
Llama-3.1-8B,LC64K,32,HBM_BEST,64000,128,32,9,0,0.0,0.0,0.13043684755748572,0.04571172635649007,1.463091185528285,1.5935280330857708
Llama-3.1-8B,LC64K,32,HBM_BEST,64000,128,32,10,0,0.0,0.0,0.13043684755748572,0.04571172635649007,1.463091185528285,1.5935280330857708
Llama-3.1-8B,LC64K,32,HBM_BEST,64000,128,32,11,0,0.0,0.0,0.13043684755748572,0.04571172635649007,1.463091185528285,1.5935280330857708
Llama-3.1-8B,LC64K,32,HBM_BEST,64000,128,32,12,0,0.0,0.0,0.13043684755748572,0.04571172635649007,1.463091185528285,1.5935280330857708
Llama-3.1-8B,LC64K,32,HBM_BEST,64000,128,32,13,0,0.0,0.0,0.13043684755748572,0.04571172635649007,1.463091185528285,1.5935280330857708
Llama-3.1-8B,LC64K,32,HBM_BEST,64000,128,32,14,0,0.0,0.0,0.13043684755748572,0.04571172635649007,1.463091185528285,1.5935280330857708
Llama-3.1-8B,LC64K,32,HBM_BEST,64000,128,32,15,1,1.5935280330857708,0.3022268338377288,0.13043684755748572,0.04571172635649007,1.463091185528285,3.4892829000092704
Llama-3.1-8B,LC64K,32,HBM_BEST,64000,128,32,16,1,1.5935280330857708,0.3022268338377288,0.13043684755748572,0.04571172635649007,1.463091185528285,3.4892829000092704
Llama-3.1-8B,LC64K,32,HBM_BEST,64000,128,32,17,1,1.5935280330857708,0.3022268338377288,0.13043684755748572,0.04571172635649007,1.463091185528285,3.4892829000092704
Llama-3.1-8B,LC64K,32,HBM_BEST,64000,128,32,18,1,1.5935280330857708,0.3022268338377288,0.13043684755748572,0.04571172635649007,1.463091185528285,3.4892829000092704
Llama-3.1-8B,LC64K,32,HBM_BEST,64000,128,32,19,1,1.5935280330857708,0.3022268338377288,0.13043684755748572,0.04571172635649007,1.463091185528285,3.4892829000092704
Llama-3.1-8B,LC64K,32,HBM_BEST,64000,128,32,20,1,1.5935280330857708,0.3022268338377288,0.13043684755748572,0.04571172635649007,1.463091185528285,3.4892829000092704
Llama-3.1-8B,LC64K,32,HBM_BEST,64000,128,32,21,1,1.5935280330857708,0.3022268338377288,0.13043684755748572,0.04571172635649007,1.463091185528285,3.4892829000092704
Llama-3.1-8B,LC64K,32,HBM_BEST,64000,128,32,22,1,1.5935280330857708,0.3022268338377288,0.13043684755748572,0.04571172635649007,1.463091185528285,3.4892829000092704
Llama-3.1-8B,LC64K,32,HBM_BEST,64000,128,32,23,1,1.5935280330857708,0.3022268338377288,0.13043684755748572,0.04571172635649007,1.463091185528285,3.4892829000092704
Llama-3.1-8B,LC64K,32,HBM_BEST,64000,128,32,24,1,1.5935280330857708,0.3022268338377288,0.13043684755748572,0.04571172635649007,1.463091185528285,3.4892829000092704
Llama-3.1-8B,LC64K,32,HBM_BEST,64000,128,32,25,1,1.5935280330857708,0.3022268338377288,0.13043684755748572,0.04571172635649007,1.463091185528285,3.4892829000092704
Llama-3.1-8B,LC64K,32,HBM_BEST,64000,128,32,26,1,1.5935280330857708,0.3022268338377288,0.13043684755748572,0.04571172635649007,1.463091185528285,3.4892829000092704
Llama-3.1-8B,LC64K,32,HBM_BEST,64000,128,32,27,1,1.5935280330857708,0.3022268338377288,0.13043684755748572,0.04571172635649007,1.463091185528285,3.4892829000092704
Llama-3.1-8B,LC64K,32,HBM_BEST,64000,128,32,28,1,1.5935280330857708,0.3022268338377288,0.13043684755748572,0.04571172635649007,1.463091185528285,3.4892829000092704
Llama-3.1-8B,LC64K,32,HBM_BEST,64000,128,32,29,1,1.5935280330857708,0.3022268338377288,0.13043684755748572,0.04571172635649007,1.463091185528285,3.4892829000092704
Llama-3.1-8B,LC64K,32,HBM_BEST,64000,128,32,30,2,3.4892829000092704,0.040296911178363835,0.017391579674331428,0.01030931560638611,0.32994022502043585,3.8769116158824017
Llama-3.1-8B,LC64K,32,HBM_BEST,64000,128,32,31,2,3.4892829000092704,0.040296911178363835,0.017391579674331428,0.01030931560638611,0.32994022502043585,3.8769116158824017
Llama-3.1-8B,LC64K,32,M3D_GPU,64000,128,32,0,0,0.0,0.0,0.27826527478930285,0.0858101787779361,2.746551316231542,3.024816591020845
Llama-3.1-8B,LC64K,32,M3D_GPU,64000,128,32,1,0,0.0,0.0,0.27826527478930285,0.0858101787779361,2.746551316231542,3.024816591020845
Llama-3.1-8B,LC64K,32,M3D_GPU,64000,128,32,2,0,0.0,0.0,0.27826527478930285,0.0858101787779361,2.746551316231542,3.024816591020845
Llama-3.1-8B,LC64K,32,M3D_GPU,64000,128,32,3,0,0.0,0.0,0.27826527478930285,0.0858101787779361,2.746551316231542,3.024816591020845
Llama-3.1-8B,LC64K,32,M3D_GPU,64000,128,32,4,0,0.0,0.0,0.27826527478930285,0.0858101787779361,2.746551316231542,3.024816591020845
Llama-3.1-8B,LC64K,32,M3D_GPU,64000,128,32,5,0,0.0,0.0,0.27826527478930285,0.0858101787779361,2.746551316231542,3.024816591020845
Llama-3.1-8B,LC64K,32,M3D_GPU,64000,128,32,6,0,0.0,0.0,0.27826527478930285,0.0858101787779361,2.746551316231542,3.024816591020845
Llama-3.1-8B,LC64K,32,M3D_GPU,64000,128,32,7,0,0.0,0.0,0.27826527478930285,0.0858101787779361,2.746551316231542,3.024816591020845
Llama-3.1-8B,LC64K,32,M3D_GPU,64000,128,32,8,0,0.0,0.0,0.27826527478930285,0.0858101787779361,2.746551316231542,3.024816591020845
Llama-3.1-8B,LC64K,32,M3D_GPU,64000,128,32,9,0,0.0,0.0,0.27826527478930285,0.0858101787779361,2.746551316231542,3.024816591020845
Llama-3.1-8B,LC64K,32,M3D_GPU,64000,128,32,10,0,0.0,0.0,0.27826527478930285,0.0858101787779361,2.746551316231542,3.024816591020845
Llama-3.1-8B,LC64K,32,M3D_GPU,64000,128,32,11,0,0.0,0.0,0.27826527478930285,0.0858101787779361,2.746551316231542,3.024816591020845
Llama-3.1-8B,LC64K,32,M3D_GPU,64000,128,32,12,0,0.0,0.0,0.27826527478930285,0.0858101787779361,2.746551316231542,3.024816591020845
Llama-3.1-8B,LC64K,32,M3D_GPU,64000,128,32,13,0,0.0,0.0,0.27826527478930285,0.0858101787779361,2.746551316231542,3.024816591020845
Llama-3.1-8B,LC64K,32,M3D_GPU,64000,128,32,14,0,0.0,0.0,0.27826527478930285,0.0858101787779361,2.746551316231542,3.024816591020845
Llama-3.1-8B,LC64K,32,M3D_GPU,64000,128,32,15,0,0.0,0.0,0.27826527478930285,0.0858101787779361,2.746551316231542,3.024816591020845
Llama-3.1-8B,LC64K,32,M3D_GPU,64000,128,32,16,0,0.0,0.0,0.27826527478930285,0.0858101787779361,2.746551316231542,3.024816591020845
Llama-3.1-8B,LC64K,32,M3D_GPU,64000,128,32,17,0,0.0,0.0,0.27826527478930285,0.0858101787779361,2.746551316231542,3.024816591020845
Llama-3.1-8B,LC64K,32,M3D_GPU,64000,128,32,18,0,0.0,0.0,0.27826527478930285,0.0858101787779361,2.746551316231542,3.024816591020845
Llama-3.1-8B,LC64K,32,M3D_GPU,64000,128,32,19,0,0.0,0.0,0.27826527478930285,0.0858101787779361,2.746551316231542,3.024816591020845
Llama-3.1-8B,LC64K,32,M3D_GPU,64000,128,32,20,0,0.0,0.0,0.27826527478930285,0.0858101787779361,2.746551316231542,3.024816591020845
Llama-3.1-8B,LC64K,32,M3D_GPU,64000,128,32,21,0,0.0,0.0,0.27826527478930285,0.0858101787779361,2.746551316231542,3.024816591020845
Llama-3.1-8B,LC64K,32,M3D_GPU,64000,128,32,22,0,0.0,0.0,0.27826527478930285,0.0858101787779361,2.746551316231542,3.024816591020845
Llama-3.1-8B,LC64K,32,M3D_GPU,64000,128,32,23,0,0.0,0.0,0.27826527478930285,0.0858101787779361,2.746551316231542,3.024816591020845
Llama-3.1-8B,LC64K,32,M3D_GPU,64000,128,32,24,0,0.0,0.0,0.27826527478930285,0.0858101787779361,2.746551316231542,3.024816591020845
Llama-3.1-8B,LC64K,32,M3D_GPU,64000,128,32,25,0,0.0,0.0,0.27826527478930285,0.0858101787779361,2.746551316231542,3.024816591020845
Llama-3.1-8B,LC64K,32,M3D_GPU,64000,128,32,26,0,0.0,0.0,0.27826527478930285,0.0858101787779361,2.746551316231542,3.024816591020845
Llama-3.1-8B,LC64K,32,M3D_GPU,64000,128,32,27,0,0.0,0.0,0.27826527478930285,0.0858101787779361,2.746551316231542,3.024816591020845
Llama-3.1-8B,LC64K,32,M3D_GPU,64000,128,32,28,0,0.0,0.0,0.27826527478930285,0.0858101787779361,2.746551316231542,3.024816591020845
Llama-3.1-8B,LC64K,32,M3D_GPU,64000,128,32,29,0,0.0,0.0,0.27826527478930285,0.0858101787779361,2.746551316231542,3.024816591020845
Llama-3.1-8B,LC64K,32,M3D_GPU,64000,128,32,30,0,0.0,0.0,0.27826527478930285,0.0858101787779361,2.746551316231542,3.024816591020845
Llama-3.1-8B,LC64K,32,M3D_GPU,64000,128,32,31,0,0.0,0.0,0.27826527478930285,0.0858101787779361,2.746551316231542,3.024816591020845
Llama-3.1-8B,LC64K,32,M3D_NMP_UNIFORM,64000,128,32,0,0,0.0,0.0,0.27826527478930285,0.03903613602514837,1.2492114580068583,1.5274767327961611
Llama-3.1-8B,LC64K,32,M3D_NMP_UNIFORM,64000,128,32,1,0,0.0,0.0,0.27826527478930285,0.03903613602514837,1.2492114580068583,1.5274767327961611
Llama-3.1-8B,LC64K,32,M3D_NMP_UNIFORM,64000,128,32,2,0,0.0,0.0,0.27826527478930285,0.03903613602514837,1.2492114580068583,1.5274767327961611
Llama-3.1-8B,LC64K,32,M3D_NMP_UNIFORM,64000,128,32,3,0,0.0,0.0,0.27826527478930285,0.03903613602514837,1.2492114580068583,1.5274767327961611
Llama-3.1-8B,LC64K,32,M3D_NMP_UNIFORM,64000,128,32,4,0,0.0,0.0,0.27826527478930285,0.03903613602514837,1.2492114580068583,1.5274767327961611
Llama-3.1-8B,LC64K,32,M3D_NMP_UNIFORM,64000,128,32,5,0,0.0,0.0,0.27826527478930285,0.03903613602514837,1.2492114580068583,1.5274767327961611
Llama-3.1-8B,LC64K,32,M3D_NMP_UNIFORM,64000,128,32,6,0,0.0,0.0,0.27826527478930285,0.03903613602514837,1.2492114580068583,1.5274767327961611
Llama-3.1-8B,LC64K,32,M3D_NMP_UNIFORM,64000,128,32,7,0,0.0,0.0,0.27826527478930285,0.03903613602514837,1.2492114580068583,1.5274767327961611
Llama-3.1-8B,LC64K,32,M3D_NMP_UNIFORM,64000,128,32,8,0,0.0,0.0,0.27826527478930285,0.03903613602514837,1.2492114580068583,1.5274767327961611
Llama-3.1-8B,LC64K,32,M3D_NMP_UNIFORM,64000,128,32,9,0,0.0,0.0,0.27826527478930285,0.03903613602514837,1.2492114580068583,1.5274767327961611
Llama-3.1-8B,LC64K,32,M3D_NMP_UNIFORM,64000,128,32,10,0,0.0,0.0,0.27826527478930285,0.03903613602514837,1.2492114580068583,1.5274767327961611
Llama-3.1-8B,LC64K,32,M3D_NMP_UNIFORM,64000,128,32,11,0,0.0,0.0,0.27826527478930285,0.03903613602514837,1.2492114580068583,1.5274767327961611
Llama-3.1-8B,LC64K,32,M3D_NMP_UNIFORM,64000,128,32,12,0,0.0,0.0,0.27826527478930285,0.03903613602514837,1.2492114580068583,1.5274767327961611
Llama-3.1-8B,LC64K,32,M3D_NMP_UNIFORM,64000,128,32,13,0,0.0,0.0,0.27826527478930285,0.03903613602514837,1.2492114580068583,1.5274767327961611
Llama-3.1-8B,LC64K,32,M3D_NMP_UNIFORM,64000,128,32,14,0,0.0,0.0,0.27826527478930285,0.03903613602514837,1.2492114580068583,1.5274767327961611
Llama-3.1-8B,LC64K,32,M3D_NMP_UNIFORM,64000,128,32,15,0,0.0,0.0,0.27826527478930285,0.03903613602514837,1.2492114580068583,1.5274767327961611
Llama-3.1-8B,LC64K,32,M3D_NMP_UNIFORM,64000,128,32,16,0,0.0,0.0,0.27826527478930285,0.03903613602514837,1.2492114580068583,1.5274767327961611
Llama-3.1-8B,LC64K,32,M3D_NMP_UNIFORM,64000,128,32,17,0,0.0,0.0,0.27826527478930285,0.03903613602514837,1.2492114580068583,1.5274767327961611
Llama-3.1-8B,LC64K,32,M3D_NMP_UNIFORM,64000,128,32,18,0,0.0,0.0,0.27826527478930285,0.03903613602514837,1.2492114580068583,1.5274767327961611
Llama-3.1-8B,LC64K,32,M3D_NMP_UNIFORM,64000,128,32,19,0,0.0,0.0,0.27826527478930285,0.03903613602514837,1.2492114580068583,1.5274767327961611
Llama-3.1-8B,LC64K,32,M3D_NMP_UNIFORM,64000,128,32,20,0,0.0,0.0,0.27826527478930285,0.03903613602514837,1.2492114580068583,1.5274767327961611
Llama-3.1-8B,LC64K,32,M3D_NMP_UNIFORM,64000,128,32,21,0,0.0,0.0,0.27826527478930285,0.03903613602514837,1.2492114580068583,1.5274767327961611
Llama-3.1-8B,LC64K,32,M3D_NMP_UNIFORM,64000,128,32,22,0,0.0,0.0,0.27826527478930285,0.03903613602514837,1.2492114580068583,1.5274767327961611
Llama-3.1-8B,LC64K,32,M3D_NMP_UNIFORM,64000,128,32,23,0,0.0,0.0,0.27826527478930285,0.03903613602514837,1.2492114580068583,1.5274767327961611
Llama-3.1-8B,LC64K,32,M3D_NMP_UNIFORM,64000,128,32,24,0,0.0,0.0,0.27826527478930285,0.03903613602514837,1.2492114580068583,1.5274767327961611
Llama-3.1-8B,LC64K,32,M3D_NMP_UNIFORM,64000,128,32,25,0,0.0,0.0,0.27826527478930285,0.03903613602514837,1.2492114580068583,1.5274767327961611
Llama-3.1-8B,LC64K,32,M3D_NMP_UNIFORM,64000,128,32,26,0,0.0,0.0,0.27826527478930285,0.03903613602514837,1.2492114580068583,1.5274767327961611
Llama-3.1-8B,LC64K,32,M3D_NMP_UNIFORM,64000,128,32,27,0,0.0,0.0,0.27826527478930285,0.03903613602514837,1.2492114580068583,1.5274767327961611
Llama-3.1-8B,LC64K,32,M3D_NMP_UNIFORM,64000,128,32,28,0,0.0,0.0,0.27826527478930285,0.03903613602514837,1.2492114580068583,1.5274767327961611
Llama-3.1-8B,LC64K,32,M3D_NMP_UNIFORM,64000,128,32,29,0,0.0,0.0,0.27826527478930285,0.03903613602514837,1.2492114580068583,1.5274767327961611
Llama-3.1-8B,LC64K,32,M3D_NMP_UNIFORM,64000,128,32,30,0,0.0,0.0,0.27826527478930285,0.03903613602514837,1.2492114580068583,1.5274767327961611
Llama-3.1-8B,LC64K,32,M3D_NMP_UNIFORM,64000,128,32,31,0,0.0,0.0,0.27826527478930285,0.03903613602514837,1.2492114580068583,1.5274767327961611
Llama-3.1-8B,LC64K,32,M3D_NMP_CPA,64000,128,32,0,0,0.0,0.0,0.27826527478930285,0.034471250697193985,1.103144073427826,1.3814093482171288
Llama-3.1-8B,LC64K,32,M3D_NMP_CPA,64000,128,32,1,0,0.0,0.0,0.27826527478930285,0.034471250697193985,1.103144073427826,1.3814093482171288
Llama-3.1-8B,LC64K,32,M3D_NMP_CPA,64000,128,32,2,0,0.0,0.0,0.27826527478930285,0.034471250697193985,1.103144073427826,1.3814093482171288
Llama-3.1-8B,LC64K,32,M3D_NMP_CPA,64000,128,32,3,0,0.0,0.0,0.27826527478930285,0.034471250697193985,1.103144073427826,1.3814093482171288
Llama-3.1-8B,LC64K,32,M3D_NMP_CPA,64000,128,32,4,0,0.0,0.0,0.27826527478930285,0.034471250697193985,1.103144073427826,1.3814093482171288
Llama-3.1-8B,LC64K,32,M3D_NMP_CPA,64000,128,32,5,0,0.0,0.0,0.27826527478930285,0.034471250697193985,1.103144073427826,1.3814093482171288
Llama-3.1-8B,LC64K,32,M3D_NMP_CPA,64000,128,32,6,0,0.0,0.0,0.27826527478930285,0.034471250697193985,1.103144073427826,1.3814093482171288
Llama-3.1-8B,LC64K,32,M3D_NMP_CPA,64000,128,32,7,0,0.0,0.0,0.27826527478930285,0.034471250697193985,1.103144073427826,1.3814093482171288
Llama-3.1-8B,LC64K,32,M3D_NMP_CPA,64000,128,32,8,0,0.0,0.0,0.27826527478930285,0.034471250697193985,1.103144073427826,1.3814093482171288
Llama-3.1-8B,LC64K,32,M3D_NMP_CPA,64000,128,32,9,0,0.0,0.0,0.27826527478930285,0.034471250697193985,1.103144073427826,1.3814093482171288
Llama-3.1-8B,LC64K,32,M3D_NMP_CPA,64000,128,32,10,0,0.0,0.0,0.27826527478930285,0.034471250697193985,1.103144073427826,1.3814093482171288
Llama-3.1-8B,LC64K,32,M3D_NMP_CPA,64000,128,32,11,0,0.0,0.0,0.27826527478930285,0.034471250697193985,1.103144073427826,1.3814093482171288
Llama-3.1-8B,LC64K,32,M3D_NMP_CPA,64000,128,32,12,0,0.0,0.0,0.27826527478930285,0.034471250697193985,1.103144073427826,1.3814093482171288
Llama-3.1-8B,LC64K,32,M3D_NMP_CPA,64000,128,32,13,0,0.0,0.0,0.27826527478930285,0.034471250697193985,1.103144073427826,1.3814093482171288
Llama-3.1-8B,LC64K,32,M3D_NMP_CPA,64000,128,32,14,0,0.0,0.0,0.27826527478930285,0.034471250697193985,1.103144073427826,1.3814093482171288
Llama-3.1-8B,LC64K,32,M3D_NMP_CPA,64000,128,32,15,0,0.0,0.0,0.27826527478930285,0.034471250697193985,1.103144073427826,1.3814093482171288
Llama-3.1-8B,LC64K,32,M3D_NMP_CPA,64000,128,32,16,0,0.0,0.0,0.27826527478930285,0.034471250697193985,1.103144073427826,1.3814093482171288
Llama-3.1-8B,LC64K,32,M3D_NMP_CPA,64000,128,32,17,0,0.0,0.0,0.27826527478930285,0.034471250697193985,1.103144073427826,1.3814093482171288
Llama-3.1-8B,LC64K,32,M3D_NMP_CPA,64000,128,32,18,0,0.0,0.0,0.27826527478930285,0.034471250697193985,1.103144073427826,1.3814093482171288
Llama-3.1-8B,LC64K,32,M3D_NMP_CPA,64000,128,32,19,0,0.0,0.0,0.27826527478930285,0.034471250697193985,1.103144073427826,1.3814093482171288
Llama-3.1-8B,LC64K,32,M3D_NMP_CPA,64000,128,32,20,0,0.0,0.0,0.27826527478930285,0.034471250697193985,1.103144073427826,1.3814093482171288
Llama-3.1-8B,LC64K,32,M3D_NMP_CPA,64000,128,32,21,0,0.0,0.0,0.27826527478930285,0.034471250697193985,1.103144073427826,1.3814093482171288
Llama-3.1-8B,LC64K,32,M3D_NMP_CPA,64000,128,32,22,0,0.0,0.0,0.27826527478930285,0.034471250697193985,1.103144073427826,1.3814093482171288
Llama-3.1-8B,LC64K,32,M3D_NMP_CPA,64000,128,32,23,0,0.0,0.0,0.27826527478930285,0.034471250697193985,1.103144073427826,1.3814093482171288
Llama-3.1-8B,LC64K,32,M3D_NMP_CPA,64000,128,32,24,0,0.0,0.0,0.27826527478930285,0.034471250697193985,1.103144073427826,1.3814093482171288
Llama-3.1-8B,LC64K,32,M3D_NMP_CPA,64000,128,32,25,0,0.0,0.0,0.27826527478930285,0.034471250697193985,1.103144073427826,1.3814093482171288
Llama-3.1-8B,LC64K,32,M3D_NMP_CPA,64000,128,32,26,0,0.0,0.0,0.27826527478930285,0.034471250697193985,1.103144073427826,1.3814093482171288
Llama-3.1-8B,LC64K,32,M3D_NMP_CPA,64000,128,32,27,0,0.0,0.0,0.27826527478930285,0.034471250697193985,1.103144073427826,1.3814093482171288
Llama-3.1-8B,LC64K,32,M3D_NMP_CPA,64000,128,32,28,0,0.0,0.0,0.27826527478930285,0.034471250697193985,1.103144073427826,1.3814093482171288
Llama-3.1-8B,LC64K,32,M3D_NMP_CPA,64000,128,32,29,0,0.0,0.0,0.27826527478930285,0.034471250697193985,1.103144073427826,1.3814093482171288
Llama-3.1-8B,LC64K,32,M3D_NMP_CPA,64000,128,32,30,0,0.0,0.0,0.27826527478930285,0.034471250697193985,1.103144073427826,1.3814093482171288
Llama-3.1-8B,LC64K,32,M3D_NMP_CPA,64000,128,32,31,0,0.0,0.0,0.27826527478930285,0.034471250697193985,1.103144073427826,1.3814093482171288
Llama-3.1-8B,LC126K,1,HBM_HOST_OFFLOAD,126000,128,32,0,0,0.0,0.0,0.014639717791451429,0.01021890424601703,0.3270259986805852,0.3416657164720366
Llama-3.1-8B,LC126K,1,HBM_RESIDENT_WAVE,126000,128,32,0,0,0.0,0.0,0.014639717791451429,0.01021890424601703,0.3270259986805852,0.3416657164720366
Llama-3.1-8B,LC126K,1,HBM_BEST,126000,128,32,0,0,0.0,0.0,0.014639717791451429,0.01021890424601703,0.3270259986805852,0.3416657164720366
Llama-3.1-8B,LC126K,1,M3D_GPU,126000,128,32,0,0,0.0,0.0,0.014639717791451429,0.009780750597735416,0.3130016932458531,0.3276414110373045
Llama-3.1-8B,LC126K,1,M3D_NMP_UNIFORM,126000,128,32,0,0,0.0,0.0,0.014639717791451429,0.0020280614257693094,0.0649004549120689,0.07954017270352033
Llama-3.1-8B,LC126K,1,M3D_NMP_CPA,126000,128,32,0,0,0.0,0.0,0.014639717791451429,0.0019209437175403854,0.061471990840679204,0.07611170863213063
Llama-3.1-8B,LC126K,8,HBM_HOST_OFFLOAD,126000,128,32,0,0,0.0,0.0,0.11711774233161143,0.046934730767745965,1.5019113845678707,1.619029126899482
Llama-3.1-8B,LC126K,8,HBM_HOST_OFFLOAD,126000,128,32,1,0,0.0,0.0,0.11711774233161143,0.046934730767745965,1.5019113845678707,1.619029126899482
Llama-3.1-8B,LC126K,8,HBM_HOST_OFFLOAD,126000,128,32,2,0,0.0,0.0,0.11711774233161143,0.046934730767745965,1.5019113845678707,1.619029126899482
Llama-3.1-8B,LC126K,8,HBM_HOST_OFFLOAD,126000,128,32,3,0,0.0,0.0,0.11711774233161143,0.046934730767745965,1.5019113845678707,1.619029126899482
Llama-3.1-8B,LC126K,8,HBM_HOST_OFFLOAD,126000,128,32,4,0,0.0,0.0,0.11711774233161143,0.046934730767745965,1.5019113845678707,1.619029126899482
Llama-3.1-8B,LC126K,8,HBM_HOST_OFFLOAD,126000,128,32,5,0,0.0,0.0,0.11711774233161143,0.046934730767745965,1.5019113845678707,1.619029126899482
Llama-3.1-8B,LC126K,8,HBM_HOST_OFFLOAD,126000,128,32,6,0,0.0,0.0,0.11711774233161143,0.046934730767745965,1.5019113845678707,1.619029126899482
Llama-3.1-8B,LC126K,8,HBM_HOST_OFFLOAD,126000,128,32,7,0,0.0,0.0,0.11711774233161143,0.046934730767745965,1.5019113845678707,1.619029126899482
Llama-3.1-8B,LC126K,8,HBM_RESIDENT_WAVE,126000,128,32,0,0,0.0,0.0,0.10247802454016,0.042355584468513896,1.355526142648726,1.458004167188886
Llama-3.1-8B,LC126K,8,HBM_RESIDENT_WAVE,126000,128,32,1,0,0.0,0.0,0.10247802454016,0.042355584468513896,1.355526142648726,1.458004167188886
Llama-3.1-8B,LC126K,8,HBM_RESIDENT_WAVE,126000,128,32,2,0,0.0,0.0,0.10247802454016,0.042355584468513896,1.355526142648726,1.458004167188886
Llama-3.1-8B,LC126K,8,HBM_RESIDENT_WAVE,126000,128,32,3,0,0.0,0.0,0.10247802454016,0.042355584468513896,1.355526142648726,1.458004167188886
Llama-3.1-8B,LC126K,8,HBM_RESIDENT_WAVE,126000,128,32,4,0,0.0,0.0,0.10247802454016,0.042355584468513896,1.355526142648726,1.458004167188886
Llama-3.1-8B,LC126K,8,HBM_RESIDENT_WAVE,126000,128,32,5,0,0.0,0.0,0.10247802454016,0.042355584468513896,1.355526142648726,1.458004167188886
Llama-3.1-8B,LC126K,8,HBM_RESIDENT_WAVE,126000,128,32,6,0,0.0,0.0,0.10247802454016,0.042355584468513896,1.355526142648726,1.458004167188886
Llama-3.1-8B,LC126K,8,HBM_RESIDENT_WAVE,126000,128,32,7,1,1.458004167188886,0.039667271941201905,0.014639717791451429,0.01021890424601703,0.3270259986805852,1.8393371556021245
Llama-3.1-8B,LC126K,8,HBM_BEST,126000,128,32,0,0,0.0,0.0,0.11711774233161143,0.046934730767745965,1.5019113845678707,1.619029126899482
Llama-3.1-8B,LC126K,8,HBM_BEST,126000,128,32,1,0,0.0,0.0,0.11711774233161143,0.046934730767745965,1.5019113845678707,1.619029126899482
Llama-3.1-8B,LC126K,8,HBM_BEST,126000,128,32,2,0,0.0,0.0,0.11711774233161143,0.046934730767745965,1.5019113845678707,1.619029126899482
Llama-3.1-8B,LC126K,8,HBM_BEST,126000,128,32,3,0,0.0,0.0,0.11711774233161143,0.046934730767745965,1.5019113845678707,1.619029126899482
Llama-3.1-8B,LC126K,8,HBM_BEST,126000,128,32,4,0,0.0,0.0,0.11711774233161143,0.046934730767745965,1.5019113845678707,1.619029126899482
Llama-3.1-8B,LC126K,8,HBM_BEST,126000,128,32,5,0,0.0,0.0,0.11711774233161143,0.046934730767745965,1.5019113845678707,1.619029126899482
Llama-3.1-8B,LC126K,8,HBM_BEST,126000,128,32,6,0,0.0,0.0,0.11711774233161143,0.046934730767745965,1.5019113845678707,1.619029126899482
Llama-3.1-8B,LC126K,8,HBM_BEST,126000,128,32,7,0,0.0,0.0,0.11711774233161143,0.046934730767745965,1.5019113845678707,1.619029126899482
Llama-3.1-8B,LC126K,8,M3D_GPU,126000,128,32,0,0,0.0,0.0,0.11711774233161143,0.044624985212373944,1.4281554880412322,1.5452732303728436
Llama-3.1-8B,LC126K,8,M3D_GPU,126000,128,32,1,0,0.0,0.0,0.11711774233161143,0.044624985212373944,1.4281554880412322,1.5452732303728436
Llama-3.1-8B,LC126K,8,M3D_GPU,126000,128,32,2,0,0.0,0.0,0.11711774233161143,0.044624985212373944,1.4281554880412322,1.5452732303728436
Llama-3.1-8B,LC126K,8,M3D_GPU,126000,128,32,3,0,0.0,0.0,0.11711774233161143,0.044624985212373944,1.4281554880412322,1.5452732303728436
Llama-3.1-8B,LC126K,8,M3D_GPU,126000,128,32,4,0,0.0,0.0,0.11711774233161143,0.044624985212373944,1.4281554880412322,1.5452732303728436
Llama-3.1-8B,LC126K,8,M3D_GPU,126000,128,32,5,0,0.0,0.0,0.11711774233161143,0.044624985212373944,1.4281554880412322,1.5452732303728436
Llama-3.1-8B,LC126K,8,M3D_GPU,126000,128,32,6,0,0.0,0.0,0.11711774233161143,0.044624985212373944,1.4281554880412322,1.5452732303728436
Llama-3.1-8B,LC126K,8,M3D_GPU,126000,128,32,7,0,0.0,0.0,0.11711774233161143,0.044624985212373944,1.4281554880412322,1.5452732303728436
Llama-3.1-8B,LC126K,8,M3D_NMP_UNIFORM,126000,128,32,0,0,0.0,0.0,0.11711774233161143,0.011967438060822014,0.38296875000041986,0.5000864923320313
Llama-3.1-8B,LC126K,8,M3D_NMP_UNIFORM,126000,128,32,1,0,0.0,0.0,0.11711774233161143,0.011967438060822014,0.38296875000041986,0.5000864923320313
Llama-3.1-8B,LC126K,8,M3D_NMP_UNIFORM,126000,128,32,2,0,0.0,0.0,0.11711774233161143,0.011967438060822014,0.38296875000041986,0.5000864923320313
Llama-3.1-8B,LC126K,8,M3D_NMP_UNIFORM,126000,128,32,3,0,0.0,0.0,0.11711774233161143,0.011967438060822014,0.38296875000041986,0.5000864923320313
Llama-3.1-8B,LC126K,8,M3D_NMP_UNIFORM,126000,128,32,4,0,0.0,0.0,0.11711774233161143,0.011967438060822014,0.38296875000041986,0.5000864923320313
Llama-3.1-8B,LC126K,8,M3D_NMP_UNIFORM,126000,128,32,5,0,0.0,0.0,0.11711774233161143,0.011967438060822014,0.38296875000041986,0.5000864923320313
Llama-3.1-8B,LC126K,8,M3D_NMP_UNIFORM,126000,128,32,6,0,0.0,0.0,0.11711774233161143,0.011967438060822014,0.38296875000041986,0.5000864923320313
Llama-3.1-8B,LC126K,8,M3D_NMP_UNIFORM,126000,128,32,7,0,0.0,0.0,0.11711774233161143,0.011967438060822014,0.38296875000041986,0.5000864923320313
Llama-3.1-8B,LC126K,8,M3D_NMP_CPA,126000,128,32,0,0,0.0,0.0,0.11711774233161143,0.010789436300182814,0.3452738700732947,0.4623916124049061
Llama-3.1-8B,LC126K,8,M3D_NMP_CPA,126000,128,32,1,0,0.0,0.0,0.11711774233161143,0.010789436300182814,0.3452738700732947,0.4623916124049061
Llama-3.1-8B,LC126K,8,M3D_NMP_CPA,126000,128,32,2,0,0.0,0.0,0.11711774233161143,0.010789436300182814,0.3452738700732947,0.4623916124049061
Llama-3.1-8B,LC126K,8,M3D_NMP_CPA,126000,128,32,3,0,0.0,0.0,0.11711774233161143,0.010789436300182814,0.3452738700732947,0.4623916124049061
Llama-3.1-8B,LC126K,8,M3D_NMP_CPA,126000,128,32,4,0,0.0,0.0,0.11711774233161143,0.010789436300182814,0.3452738700732947,0.4623916124049061
Llama-3.1-8B,LC126K,8,M3D_NMP_CPA,126000,128,32,5,0,0.0,0.0,0.11711774233161143,0.010789436300182814,0.3452738700732947,0.4623916124049061
Llama-3.1-8B,LC126K,8,M3D_NMP_CPA,126000,128,32,6,0,0.0,0.0,0.11711774233161143,0.010789436300182814,0.3452738700732947,0.4623916124049061
Llama-3.1-8B,LC126K,8,M3D_NMP_CPA,126000,128,32,7,0,0.0,0.0,0.11711774233161143,0.010789436300182814,0.3452738700732947,0.4623916124049061
Llama-3.1-8B,LC126K,32,HBM_HOST_OFFLOAD,126000,128,32,0,0,0.0,0.0,0.9593737499927943,0.9593844538598261,30.705299340500552,31.664673090493345
Llama-3.1-8B,LC126K,32,HBM_HOST_OFFLOAD,126000,128,32,1,0,0.0,0.0,0.9593737499927943,0.9593844538598261,30.705299340500552,31.664673090493345
Llama-3.1-8B,LC126K,32,HBM_HOST_OFFLOAD,126000,128,32,2,0,0.0,0.0,0.9593737499927943,0.9593844538598261,30.705299340500552,31.664673090493345
Llama-3.1-8B,LC126K,32,HBM_HOST_OFFLOAD,126000,128,32,3,0,0.0,0.0,0.9593737499927943,0.9593844538598261,30.705299340500552,31.664673090493345
Llama-3.1-8B,LC126K,32,HBM_HOST_OFFLOAD,126000,128,32,4,0,0.0,0.0,0.9593737499927943,0.9593844538598261,30.705299340500552,31.664673090493345
Llama-3.1-8B,LC126K,32,HBM_HOST_OFFLOAD,126000,128,32,5,0,0.0,0.0,0.9593737499927943,0.9593844538598261,30.705299340500552,31.664673090493345
Llama-3.1-8B,LC126K,32,HBM_HOST_OFFLOAD,126000,128,32,6,0,0.0,0.0,0.9593737499927943,0.9593844538598261,30.705299340500552,31.664673090493345
Llama-3.1-8B,LC126K,32,HBM_HOST_OFFLOAD,126000,128,32,7,0,0.0,0.0,0.9593737499927943,0.9593844538598261,30.705299340500552,31.664673090493345
Llama-3.1-8B,LC126K,32,HBM_HOST_OFFLOAD,126000,128,32,8,0,0.0,0.0,0.9593737499927943,0.9593844538598261,30.705299340500552,31.664673090493345
Llama-3.1-8B,LC126K,32,HBM_HOST_OFFLOAD,126000,128,32,9,0,0.0,0.0,0.9593737499927943,0.9593844538598261,30.705299340500552,31.664673090493345
Llama-3.1-8B,LC126K,32,HBM_HOST_OFFLOAD,126000,128,32,10,0,0.0,0.0,0.9593737499927943,0.9593844538598261,30.705299340500552,31.664673090493345
Llama-3.1-8B,LC126K,32,HBM_HOST_OFFLOAD,126000,128,32,11,0,0.0,0.0,0.9593737499927943,0.9593844538598261,30.705299340500552,31.664673090493345
Llama-3.1-8B,LC126K,32,HBM_HOST_OFFLOAD,126000,128,32,12,0,0.0,0.0,0.9593737499927943,0.9593844538598261,30.705299340500552,31.664673090493345
Llama-3.1-8B,LC126K,32,HBM_HOST_OFFLOAD,126000,128,32,13,0,0.0,0.0,0.9593737499927943,0.9593844538598261,30.705299340500552,31.664673090493345
Llama-3.1-8B,LC126K,32,HBM_HOST_OFFLOAD,126000,128,32,14,0,0.0,0.0,0.9593737499927943,0.9593844538598261,30.705299340500552,31.664673090493345
Llama-3.1-8B,LC126K,32,HBM_HOST_OFFLOAD,126000,128,32,15,0,0.0,0.0,0.9593737499927943,0.9593844538598261,30.705299340500552,31.664673090493345
Llama-3.1-8B,LC126K,32,HBM_HOST_OFFLOAD,126000,128,32,16,0,0.0,0.0,0.9593737499927943,0.9593844538598261,30.705299340500552,31.664673090493345
Llama-3.1-8B,LC126K,32,HBM_HOST_OFFLOAD,126000,128,32,17,0,0.0,0.0,0.9593737499927943,0.9593844538598261,30.705299340500552,31.664673090493345
Llama-3.1-8B,LC126K,32,HBM_HOST_OFFLOAD,126000,128,32,18,0,0.0,0.0,0.9593737499927943,0.9593844538598261,30.705299340500552,31.664673090493345
Llama-3.1-8B,LC126K,32,HBM_HOST_OFFLOAD,126000,128,32,19,0,0.0,0.0,0.9593737499927943,0.9593844538598261,30.705299340500552,31.664673090493345
Llama-3.1-8B,LC126K,32,HBM_HOST_OFFLOAD,126000,128,32,20,0,0.0,0.0,0.9593737499927943,0.9593844538598261,30.705299340500552,31.664673090493345
Llama-3.1-8B,LC126K,32,HBM_HOST_OFFLOAD,126000,128,32,21,0,0.0,0.0,0.9593737499927943,0.9593844538598261,30.705299340500552,31.664673090493345
Llama-3.1-8B,LC126K,32,HBM_HOST_OFFLOAD,126000,128,32,22,0,0.0,0.0,0.9593737499927943,0.9593844538598261,30.705299340500552,31.664673090493345
Llama-3.1-8B,LC126K,32,HBM_HOST_OFFLOAD,126000,128,32,23,0,0.0,0.0,0.9593737499927943,0.9593844538598261,30.705299340500552,31.664673090493345
Llama-3.1-8B,LC126K,32,HBM_HOST_OFFLOAD,126000,128,32,24,0,0.0,0.0,0.9593737499927943,0.9593844538598261,30.705299340500552,31.664673090493345
Llama-3.1-8B,LC126K,32,HBM_HOST_OFFLOAD,126000,128,32,25,0,0.0,0.0,0.9593737499927943,0.9593844538598261,30.705299340500552,31.664673090493345
Llama-3.1-8B,LC126K,32,HBM_HOST_OFFLOAD,126000,128,32,26,0,0.0,0.0,0.9593737499927943,0.9593844538598261,30.705299340500552,31.664673090493345
Llama-3.1-8B,LC126K,32,HBM_HOST_OFFLOAD,126000,128,32,27,0,0.0,0.0,0.9593737499927943,0.9593844538598261,30.705299340500552,31.664673090493345
Llama-3.1-8B,LC126K,32,HBM_HOST_OFFLOAD,126000,128,32,28,0,0.0,0.0,0.9593737499927943,0.9593844538598261,30.705299340500552,31.664673090493345
Llama-3.1-8B,LC126K,32,HBM_HOST_OFFLOAD,126000,128,32,29,0,0.0,0.0,0.9593737499927943,0.9593844538598261,30.705299340500552,31.664673090493345
Llama-3.1-8B,LC126K,32,HBM_HOST_OFFLOAD,126000,128,32,30,0,0.0,0.0,0.9593737499927943,0.9593844538598261,30.705299340500552,31.664673090493345
Llama-3.1-8B,LC126K,32,HBM_HOST_OFFLOAD,126000,128,32,31,0,0.0,0.0,0.9593737499927943,0.9593844538598261,30.705299340500552,31.664673090493345
Llama-3.1-8B,LC126K,32,HBM_RESIDENT_WAVE,126000,128,32,0,0,0.0,0.0,0.10247802454016,0.042355584468513896,1.355526142648726,1.458004167188886
Llama-3.1-8B,LC126K,32,HBM_RESIDENT_WAVE,126000,128,32,1,0,0.0,0.0,0.10247802454016,0.042355584468513896,1.355526142648726,1.458004167188886
Llama-3.1-8B,LC126K,32,HBM_RESIDENT_WAVE,126000,128,32,2,0,0.0,0.0,0.10247802454016,0.042355584468513896,1.355526142648726,1.458004167188886
Llama-3.1-8B,LC126K,32,HBM_RESIDENT_WAVE,126000,128,32,3,0,0.0,0.0,0.10247802454016,0.042355584468513896,1.355526142648726,1.458004167188886
Llama-3.1-8B,LC126K,32,HBM_RESIDENT_WAVE,126000,128,32,4,0,0.0,0.0,0.10247802454016,0.042355584468513896,1.355526142648726,1.458004167188886
Llama-3.1-8B,LC126K,32,HBM_RESIDENT_WAVE,126000,128,32,5,0,0.0,0.0,0.10247802454016,0.042355584468513896,1.355526142648726,1.458004167188886
Llama-3.1-8B,LC126K,32,HBM_RESIDENT_WAVE,126000,128,32,6,0,0.0,0.0,0.10247802454016,0.042355584468513896,1.355526142648726,1.458004167188886
Llama-3.1-8B,LC126K,32,HBM_RESIDENT_WAVE,126000,128,32,7,1,1.458004167188886,0.27767090358841334,0.10247802454016,0.042355584468513896,1.355526142648726,3.193679237966185
Llama-3.1-8B,LC126K,32,HBM_RESIDENT_WAVE,126000,128,32,8,1,1.458004167188886,0.27767090358841334,0.10247802454016,0.042355584468513896,1.355526142648726,3.193679237966185
Llama-3.1-8B,LC126K,32,HBM_RESIDENT_WAVE,126000,128,32,9,1,1.458004167188886,0.27767090358841334,0.10247802454016,0.042355584468513896,1.355526142648726,3.193679237966185
Llama-3.1-8B,LC126K,32,HBM_RESIDENT_WAVE,126000,128,32,10,1,1.458004167188886,0.27767090358841334,0.10247802454016,0.042355584468513896,1.355526142648726,3.193679237966185
Llama-3.1-8B,LC126K,32,HBM_RESIDENT_WAVE,126000,128,32,11,1,1.458004167188886,0.27767090358841334,0.10247802454016,0.042355584468513896,1.355526142648726,3.193679237966185
Llama-3.1-8B,LC126K,32,HBM_RESIDENT_WAVE,126000,128,32,12,1,1.458004167188886,0.27767090358841334,0.10247802454016,0.042355584468513896,1.355526142648726,3.193679237966185
Llama-3.1-8B,LC126K,32,HBM_RESIDENT_WAVE,126000,128,32,13,1,1.458004167188886,0.27767090358841334,0.10247802454016,0.042355584468513896,1.355526142648726,3.193679237966185
Llama-3.1-8B,LC126K,32,HBM_RESIDENT_WAVE,126000,128,32,14,2,3.193679237966185,0.27767090358841334,0.10247802454016,0.042355584468513896,1.355526142648726,4.929354308743484
Llama-3.1-8B,LC126K,32,HBM_RESIDENT_WAVE,126000,128,32,15,2,3.193679237966185,0.27767090358841334,0.10247802454016,0.042355584468513896,1.355526142648726,4.929354308743484
Llama-3.1-8B,LC126K,32,HBM_RESIDENT_WAVE,126000,128,32,16,2,3.193679237966185,0.27767090358841334,0.10247802454016,0.042355584468513896,1.355526142648726,4.929354308743484
Llama-3.1-8B,LC126K,32,HBM_RESIDENT_WAVE,126000,128,32,17,2,3.193679237966185,0.27767090358841334,0.10247802454016,0.042355584468513896,1.355526142648726,4.929354308743484
Llama-3.1-8B,LC126K,32,HBM_RESIDENT_WAVE,126000,128,32,18,2,3.193679237966185,0.27767090358841334,0.10247802454016,0.042355584468513896,1.355526142648726,4.929354308743484
Llama-3.1-8B,LC126K,32,HBM_RESIDENT_WAVE,126000,128,32,19,2,3.193679237966185,0.27767090358841334,0.10247802454016,0.042355584468513896,1.355526142648726,4.929354308743484
Llama-3.1-8B,LC126K,32,HBM_RESIDENT_WAVE,126000,128,32,20,2,3.193679237966185,0.27767090358841334,0.10247802454016,0.042355584468513896,1.355526142648726,4.929354308743484
Llama-3.1-8B,LC126K,32,HBM_RESIDENT_WAVE,126000,128,32,21,3,4.929354308743484,0.27767090358841334,0.10247802454016,0.042355584468513896,1.355526142648726,6.665029379520783
Llama-3.1-8B,LC126K,32,HBM_RESIDENT_WAVE,126000,128,32,22,3,4.929354308743484,0.27767090358841334,0.10247802454016,0.042355584468513896,1.355526142648726,6.665029379520783
Llama-3.1-8B,LC126K,32,HBM_RESIDENT_WAVE,126000,128,32,23,3,4.929354308743484,0.27767090358841334,0.10247802454016,0.042355584468513896,1.355526142648726,6.665029379520783
Llama-3.1-8B,LC126K,32,HBM_RESIDENT_WAVE,126000,128,32,24,3,4.929354308743484,0.27767090358841334,0.10247802454016,0.042355584468513896,1.355526142648726,6.665029379520783
Llama-3.1-8B,LC126K,32,HBM_RESIDENT_WAVE,126000,128,32,25,3,4.929354308743484,0.27767090358841334,0.10247802454016,0.042355584468513896,1.355526142648726,6.665029379520783
Llama-3.1-8B,LC126K,32,HBM_RESIDENT_WAVE,126000,128,32,26,3,4.929354308743484,0.27767090358841334,0.10247802454016,0.042355584468513896,1.355526142648726,6.665029379520783
Llama-3.1-8B,LC126K,32,HBM_RESIDENT_WAVE,126000,128,32,27,3,4.929354308743484,0.27767090358841334,0.10247802454016,0.042355584468513896,1.355526142648726,6.665029379520783
Llama-3.1-8B,LC126K,32,HBM_RESIDENT_WAVE,126000,128,32,28,4,6.665029379520783,0.15866908776480762,0.058558871165805715,0.026287244357265465,0.8412760706646557,7.723533409116053
Llama-3.1-8B,LC126K,32,HBM_RESIDENT_WAVE,126000,128,32,29,4,6.665029379520783,0.15866908776480762,0.058558871165805715,0.026287244357265465,0.8412760706646557,7.723533409116053
Llama-3.1-8B,LC126K,32,HBM_RESIDENT_WAVE,126000,128,32,30,4,6.665029379520783,0.15866908776480762,0.058558871165805715,0.026287244357265465,0.8412760706646557,7.723533409116053
Llama-3.1-8B,LC126K,32,HBM_RESIDENT_WAVE,126000,128,32,31,4,6.665029379520783,0.15866908776480762,0.058558871165805715,0.026287244357265465,0.8412760706646557,7.723533409116053
Llama-3.1-8B,LC126K,32,HBM_BEST,126000,128,32,0,0,0.0,0.0,0.10247802454016,0.042355584468513896,1.355526142648726,1.458004167188886
Llama-3.1-8B,LC126K,32,HBM_BEST,126000,128,32,1,0,0.0,0.0,0.10247802454016,0.042355584468513896,1.355526142648726,1.458004167188886
Llama-3.1-8B,LC126K,32,HBM_BEST,126000,128,32,2,0,0.0,0.0,0.10247802454016,0.042355584468513896,1.355526142648726,1.458004167188886
Llama-3.1-8B,LC126K,32,HBM_BEST,126000,128,32,3,0,0.0,0.0,0.10247802454016,0.042355584468513896,1.355526142648726,1.458004167188886
Llama-3.1-8B,LC126K,32,HBM_BEST,126000,128,32,4,0,0.0,0.0,0.10247802454016,0.042355584468513896,1.355526142648726,1.458004167188886
Llama-3.1-8B,LC126K,32,HBM_BEST,126000,128,32,5,0,0.0,0.0,0.10247802454016,0.042355584468513896,1.355526142648726,1.458004167188886
Llama-3.1-8B,LC126K,32,HBM_BEST,126000,128,32,6,0,0.0,0.0,0.10247802454016,0.042355584468513896,1.355526142648726,1.458004167188886
Llama-3.1-8B,LC126K,32,HBM_BEST,126000,128,32,7,1,1.458004167188886,0.27767090358841334,0.10247802454016,0.042355584468513896,1.355526142648726,3.193679237966185
Llama-3.1-8B,LC126K,32,HBM_BEST,126000,128,32,8,1,1.458004167188886,0.27767090358841334,0.10247802454016,0.042355584468513896,1.355526142648726,3.193679237966185
Llama-3.1-8B,LC126K,32,HBM_BEST,126000,128,32,9,1,1.458004167188886,0.27767090358841334,0.10247802454016,0.042355584468513896,1.355526142648726,3.193679237966185
Llama-3.1-8B,LC126K,32,HBM_BEST,126000,128,32,10,1,1.458004167188886,0.27767090358841334,0.10247802454016,0.042355584468513896,1.355526142648726,3.193679237966185
Llama-3.1-8B,LC126K,32,HBM_BEST,126000,128,32,11,1,1.458004167188886,0.27767090358841334,0.10247802454016,0.042355584468513896,1.355526142648726,3.193679237966185
Llama-3.1-8B,LC126K,32,HBM_BEST,126000,128,32,12,1,1.458004167188886,0.27767090358841334,0.10247802454016,0.042355584468513896,1.355526142648726,3.193679237966185
Llama-3.1-8B,LC126K,32,HBM_BEST,126000,128,32,13,1,1.458004167188886,0.27767090358841334,0.10247802454016,0.042355584468513896,1.355526142648726,3.193679237966185
Llama-3.1-8B,LC126K,32,HBM_BEST,126000,128,32,14,2,3.193679237966185,0.27767090358841334,0.10247802454016,0.042355584468513896,1.355526142648726,4.929354308743484
Llama-3.1-8B,LC126K,32,HBM_BEST,126000,128,32,15,2,3.193679237966185,0.27767090358841334,0.10247802454016,0.042355584468513896,1.355526142648726,4.929354308743484
Llama-3.1-8B,LC126K,32,HBM_BEST,126000,128,32,16,2,3.193679237966185,0.27767090358841334,0.10247802454016,0.042355584468513896,1.355526142648726,4.929354308743484
Llama-3.1-8B,LC126K,32,HBM_BEST,126000,128,32,17,2,3.193679237966185,0.27767090358841334,0.10247802454016,0.042355584468513896,1.355526142648726,4.929354308743484
Llama-3.1-8B,LC126K,32,HBM_BEST,126000,128,32,18,2,3.193679237966185,0.27767090358841334,0.10247802454016,0.042355584468513896,1.355526142648726,4.929354308743484
Llama-3.1-8B,LC126K,32,HBM_BEST,126000,128,32,19,2,3.193679237966185,0.27767090358841334,0.10247802454016,0.042355584468513896,1.355526142648726,4.929354308743484
Llama-3.1-8B,LC126K,32,HBM_BEST,126000,128,32,20,2,3.193679237966185,0.27767090358841334,0.10247802454016,0.042355584468513896,1.355526142648726,4.929354308743484
Llama-3.1-8B,LC126K,32,HBM_BEST,126000,128,32,21,3,4.929354308743484,0.27767090358841334,0.10247802454016,0.042355584468513896,1.355526142648726,6.665029379520783
Llama-3.1-8B,LC126K,32,HBM_BEST,126000,128,32,22,3,4.929354308743484,0.27767090358841334,0.10247802454016,0.042355584468513896,1.355526142648726,6.665029379520783
Llama-3.1-8B,LC126K,32,HBM_BEST,126000,128,32,23,3,4.929354308743484,0.27767090358841334,0.10247802454016,0.042355584468513896,1.355526142648726,6.665029379520783
Llama-3.1-8B,LC126K,32,HBM_BEST,126000,128,32,24,3,4.929354308743484,0.27767090358841334,0.10247802454016,0.042355584468513896,1.355526142648726,6.665029379520783
Llama-3.1-8B,LC126K,32,HBM_BEST,126000,128,32,25,3,4.929354308743484,0.27767090358841334,0.10247802454016,0.042355584468513896,1.355526142648726,6.665029379520783
Llama-3.1-8B,LC126K,32,HBM_BEST,126000,128,32,26,3,4.929354308743484,0.27767090358841334,0.10247802454016,0.042355584468513896,1.355526142648726,6.665029379520783
Llama-3.1-8B,LC126K,32,HBM_BEST,126000,128,32,27,3,4.929354308743484,0.27767090358841334,0.10247802454016,0.042355584468513896,1.355526142648726,6.665029379520783
Llama-3.1-8B,LC126K,32,HBM_BEST,126000,128,32,28,4,6.665029379520783,0.15866908776480762,0.058558871165805715,0.026287244357265465,0.8412760706646557,7.723533409116053
Llama-3.1-8B,LC126K,32,HBM_BEST,126000,128,32,29,4,6.665029379520783,0.15866908776480762,0.058558871165805715,0.026287244357265465,0.8412760706646557,7.723533409116053
Llama-3.1-8B,LC126K,32,HBM_BEST,126000,128,32,30,4,6.665029379520783,0.15866908776480762,0.058558871165805715,0.026287244357265465,0.8412760706646557,7.723533409116053
Llama-3.1-8B,LC126K,32,HBM_BEST,126000,128,32,31,4,6.665029379520783,0.15866908776480762,0.058558871165805715,0.026287244357265465,0.8412760706646557,7.723533409116053
Llama-3.1-8B,LC126K,32,M3D_GPU,126000,128,32,0,0,0.0,0.0,0.4684709693264457,0.16408255896877402,5.251267482338365,5.719738451664811
Llama-3.1-8B,LC126K,32,M3D_GPU,126000,128,32,1,0,0.0,0.0,0.4684709693264457,0.16408255896877402,5.251267482338365,5.719738451664811
Llama-3.1-8B,LC126K,32,M3D_GPU,126000,128,32,2,0,0.0,0.0,0.4684709693264457,0.16408255896877402,5.251267482338365,5.719738451664811
Llama-3.1-8B,LC126K,32,M3D_GPU,126000,128,32,3,0,0.0,0.0,0.4684709693264457,0.16408255896877402,5.251267482338365,5.719738451664811
Llama-3.1-8B,LC126K,32,M3D_GPU,126000,128,32,4,0,0.0,0.0,0.4684709693264457,0.16408255896877402,5.251267482338365,5.719738451664811
Llama-3.1-8B,LC126K,32,M3D_GPU,126000,128,32,5,0,0.0,0.0,0.4684709693264457,0.16408255896877402,5.251267482338365,5.719738451664811
Llama-3.1-8B,LC126K,32,M3D_GPU,126000,128,32,6,0,0.0,0.0,0.4684709693264457,0.16408255896877402,5.251267482338365,5.719738451664811
Llama-3.1-8B,LC126K,32,M3D_GPU,126000,128,32,7,0,0.0,0.0,0.4684709693264457,0.16408255896877402,5.251267482338365,5.719738451664811
Llama-3.1-8B,LC126K,32,M3D_GPU,126000,128,32,8,0,0.0,0.0,0.4684709693264457,0.16408255896877402,5.251267482338365,5.719738451664811
Llama-3.1-8B,LC126K,32,M3D_GPU,126000,128,32,9,0,0.0,0.0,0.4684709693264457,0.16408255896877402,5.251267482338365,5.719738451664811
Llama-3.1-8B,LC126K,32,M3D_GPU,126000,128,32,10,0,0.0,0.0,0.4684709693264457,0.16408255896877402,5.251267482338365,5.719738451664811
Llama-3.1-8B,LC126K,32,M3D_GPU,126000,128,32,11,0,0.0,0.0,0.4684709693264457,0.16408255896877402,5.251267482338365,5.719738451664811
Llama-3.1-8B,LC126K,32,M3D_GPU,126000,128,32,12,0,0.0,0.0,0.4684709693264457,0.16408255896877402,5.251267482338365,5.719738451664811
Llama-3.1-8B,LC126K,32,M3D_GPU,126000,128,32,13,0,0.0,0.0,0.4684709693264457,0.16408255896877402,5.251267482338365,5.719738451664811
Llama-3.1-8B,LC126K,32,M3D_GPU,126000,128,32,14,0,0.0,0.0,0.4684709693264457,0.16408255896877402,5.251267482338365,5.719738451664811
Llama-3.1-8B,LC126K,32,M3D_GPU,126000,128,32,15,0,0.0,0.0,0.4684709693264457,0.16408255896877402,5.251267482338365,5.719738451664811
Llama-3.1-8B,LC126K,32,M3D_GPU,126000,128,32,16,0,0.0,0.0,0.4684709693264457,0.16408255896877402,5.251267482338365,5.719738451664811
Llama-3.1-8B,LC126K,32,M3D_GPU,126000,128,32,17,0,0.0,0.0,0.4684709693264457,0.16408255896877402,5.251267482338365,5.719738451664811
Llama-3.1-8B,LC126K,32,M3D_GPU,126000,128,32,18,0,0.0,0.0,0.4684709693264457,0.16408255896877402,5.251267482338365,5.719738451664811
Llama-3.1-8B,LC126K,32,M3D_GPU,126000,128,32,19,0,0.0,0.0,0.4684709693264457,0.16408255896877402,5.251267482338365,5.719738451664811
Llama-3.1-8B,LC126K,32,M3D_GPU,126000,128,32,20,0,0.0,0.0,0.4684709693264457,0.16408255896877402,5.251267482338365,5.719738451664811
Llama-3.1-8B,LC126K,32,M3D_GPU,126000,128,32,21,0,0.0,0.0,0.4684709693264457,0.16408255896877402,5.251267482338365,5.719738451664811
Llama-3.1-8B,LC126K,32,M3D_GPU,126000,128,32,22,0,0.0,0.0,0.4684709693264457,0.16408255896877402,5.251267482338365,5.719738451664811
Llama-3.1-8B,LC126K,32,M3D_GPU,126000,128,32,23,0,0.0,0.0,0.4684709693264457,0.16408255896877402,5.251267482338365,5.719738451664811
Llama-3.1-8B,LC126K,32,M3D_GPU,126000,128,32,24,0,0.0,0.0,0.4684709693264457,0.16408255896877402,5.251267482338365,5.719738451664811
Llama-3.1-8B,LC126K,32,M3D_GPU,126000,128,32,25,0,0.0,0.0,0.4684709693264457,0.16408255896877402,5.251267482338365,5.719738451664811
Llama-3.1-8B,LC126K,32,M3D_GPU,126000,128,32,26,0,0.0,0.0,0.4684709693264457,0.16408255896877402,5.251267482338365,5.719738451664811
Llama-3.1-8B,LC126K,32,M3D_GPU,126000,128,32,27,0,0.0,0.0,0.4684709693264457,0.16408255896877402,5.251267482338365,5.719738451664811
Llama-3.1-8B,LC126K,32,M3D_GPU,126000,128,32,28,0,0.0,0.0,0.4684709693264457,0.16408255896877402,5.251267482338365,5.719738451664811
Llama-3.1-8B,LC126K,32,M3D_GPU,126000,128,32,29,0,0.0,0.0,0.4684709693264457,0.16408255896877402,5.251267482338365,5.719738451664811
Llama-3.1-8B,LC126K,32,M3D_GPU,126000,128,32,30,0,0.0,0.0,0.4684709693264457,0.16408255896877402,5.251267482338365,5.719738451664811
Llama-3.1-8B,LC126K,32,M3D_GPU,126000,128,32,31,0,0.0,0.0,0.4684709693264457,0.16408255896877402,5.251267482338365,5.719738451664811
Llama-3.1-8B,LC126K,32,M3D_NMP_UNIFORM,126000,128,32,0,0,0.0,0.0,0.4684709693264457,0.046440237710644885,1.4861414249393257,1.9546123942657714
Llama-3.1-8B,LC126K,32,M3D_NMP_UNIFORM,126000,128,32,1,0,0.0,0.0,0.4684709693264457,0.046440237710644885,1.4861414249393257,1.9546123942657714
Llama-3.1-8B,LC126K,32,M3D_NMP_UNIFORM,126000,128,32,2,0,0.0,0.0,0.4684709693264457,0.046440237710644885,1.4861414249393257,1.9546123942657714
Llama-3.1-8B,LC126K,32,M3D_NMP_UNIFORM,126000,128,32,3,0,0.0,0.0,0.4684709693264457,0.046440237710644885,1.4861414249393257,1.9546123942657714
Llama-3.1-8B,LC126K,32,M3D_NMP_UNIFORM,126000,128,32,4,0,0.0,0.0,0.4684709693264457,0.046440237710644885,1.4861414249393257,1.9546123942657714
Llama-3.1-8B,LC126K,32,M3D_NMP_UNIFORM,126000,128,32,5,0,0.0,0.0,0.4684709693264457,0.046440237710644885,1.4861414249393257,1.9546123942657714
Llama-3.1-8B,LC126K,32,M3D_NMP_UNIFORM,126000,128,32,6,0,0.0,0.0,0.4684709693264457,0.046440237710644885,1.4861414249393257,1.9546123942657714
Llama-3.1-8B,LC126K,32,M3D_NMP_UNIFORM,126000,128,32,7,0,0.0,0.0,0.4684709693264457,0.046440237710644885,1.4861414249393257,1.9546123942657714
Llama-3.1-8B,LC126K,32,M3D_NMP_UNIFORM,126000,128,32,8,0,0.0,0.0,0.4684709693264457,0.046440237710644885,1.4861414249393257,1.9546123942657714
Llama-3.1-8B,LC126K,32,M3D_NMP_UNIFORM,126000,128,32,9,0,0.0,0.0,0.4684709693264457,0.046440237710644885,1.4861414249393257,1.9546123942657714
Llama-3.1-8B,LC126K,32,M3D_NMP_UNIFORM,126000,128,32,10,0,0.0,0.0,0.4684709693264457,0.046440237710644885,1.4861414249393257,1.9546123942657714
Llama-3.1-8B,LC126K,32,M3D_NMP_UNIFORM,126000,128,32,11,0,0.0,0.0,0.4684709693264457,0.046440237710644885,1.4861414249393257,1.9546123942657714
Llama-3.1-8B,LC126K,32,M3D_NMP_UNIFORM,126000,128,32,12,0,0.0,0.0,0.4684709693264457,0.046440237710644885,1.4861414249393257,1.9546123942657714
Llama-3.1-8B,LC126K,32,M3D_NMP_UNIFORM,126000,128,32,13,0,0.0,0.0,0.4684709693264457,0.046440237710644885,1.4861414249393257,1.9546123942657714
Llama-3.1-8B,LC126K,32,M3D_NMP_UNIFORM,126000,128,32,14,0,0.0,0.0,0.4684709693264457,0.046440237710644885,1.4861414249393257,1.9546123942657714
Llama-3.1-8B,LC126K,32,M3D_NMP_UNIFORM,126000,128,32,15,0,0.0,0.0,0.4684709693264457,0.046440237710644885,1.4861414249393257,1.9546123942657714
Llama-3.1-8B,LC126K,32,M3D_NMP_UNIFORM,126000,128,32,16,0,0.0,0.0,0.4684709693264457,0.046440237710644885,1.4861414249393257,1.9546123942657714
Llama-3.1-8B,LC126K,32,M3D_NMP_UNIFORM,126000,128,32,17,0,0.0,0.0,0.4684709693264457,0.046440237710644885,1.4861414249393257,1.9546123942657714
Llama-3.1-8B,LC126K,32,M3D_NMP_UNIFORM,126000,128,32,18,0,0.0,0.0,0.4684709693264457,0.046440237710644885,1.4861414249393257,1.9546123942657714
Llama-3.1-8B,LC126K,32,M3D_NMP_UNIFORM,126000,128,32,19,0,0.0,0.0,0.4684709693264457,0.046440237710644885,1.4861414249393257,1.9546123942657714
Llama-3.1-8B,LC126K,32,M3D_NMP_UNIFORM,126000,128,32,20,0,0.0,0.0,0.4684709693264457,0.046440237710644885,1.4861414249393257,1.9546123942657714
Llama-3.1-8B,LC126K,32,M3D_NMP_UNIFORM,126000,128,32,21,0,0.0,0.0,0.4684709693264457,0.046440237710644885,1.4861414249393257,1.9546123942657714
Llama-3.1-8B,LC126K,32,M3D_NMP_UNIFORM,126000,128,32,22,0,0.0,0.0,0.4684709693264457,0.046440237710644885,1.4861414249393257,1.9546123942657714
Llama-3.1-8B,LC126K,32,M3D_NMP_UNIFORM,126000,128,32,23,0,0.0,0.0,0.4684709693264457,0.046440237710644885,1.4861414249393257,1.9546123942657714
Llama-3.1-8B,LC126K,32,M3D_NMP_UNIFORM,126000,128,32,24,0,0.0,0.0,0.4684709693264457,0.046440237710644885,1.4861414249393257,1.9546123942657714
Llama-3.1-8B,LC126K,32,M3D_NMP_UNIFORM,126000,128,32,25,0,0.0,0.0,0.4684709693264457,0.046440237710644885,1.4861414249393257,1.9546123942657714
Llama-3.1-8B,LC126K,32,M3D_NMP_UNIFORM,126000,128,32,26,0,0.0,0.0,0.4684709693264457,0.046440237710644885,1.4861414249393257,1.9546123942657714
Llama-3.1-8B,LC126K,32,M3D_NMP_UNIFORM,126000,128,32,27,0,0.0,0.0,0.4684709693264457,0.046440237710644885,1.4861414249393257,1.9546123942657714
Llama-3.1-8B,LC126K,32,M3D_NMP_UNIFORM,126000,128,32,28,0,0.0,0.0,0.4684709693264457,0.046440237710644885,1.4861414249393257,1.9546123942657714
Llama-3.1-8B,LC126K,32,M3D_NMP_UNIFORM,126000,128,32,29,0,0.0,0.0,0.4684709693264457,0.046440237710644885,1.4861414249393257,1.9546123942657714
Llama-3.1-8B,LC126K,32,M3D_NMP_UNIFORM,126000,128,32,30,0,0.0,0.0,0.4684709693264457,0.046440237710644885,1.4861414249393257,1.9546123942657714
Llama-3.1-8B,LC126K,32,M3D_NMP_UNIFORM,126000,128,32,31,0,0.0,0.0,0.4684709693264457,0.046440237710644885,1.4861414249393257,1.9546123942657714
Llama-3.1-8B,LC126K,32,M3D_NMP_CPA,126000,128,32,0,0,0.0,0.0,0.4684709693264457,0.04228724003956577,1.3532501535454278,1.8217211228718735
Llama-3.1-8B,LC126K,32,M3D_NMP_CPA,126000,128,32,1,0,0.0,0.0,0.4684709693264457,0.04228724003956577,1.3532501535454278,1.8217211228718735
Llama-3.1-8B,LC126K,32,M3D_NMP_CPA,126000,128,32,2,0,0.0,0.0,0.4684709693264457,0.04228724003956577,1.3532501535454278,1.8217211228718735
Llama-3.1-8B,LC126K,32,M3D_NMP_CPA,126000,128,32,3,0,0.0,0.0,0.4684709693264457,0.04228724003956577,1.3532501535454278,1.8217211228718735
Llama-3.1-8B,LC126K,32,M3D_NMP_CPA,126000,128,32,4,0,0.0,0.0,0.4684709693264457,0.04228724003956577,1.3532501535454278,1.8217211228718735
Llama-3.1-8B,LC126K,32,M3D_NMP_CPA,126000,128,32,5,0,0.0,0.0,0.4684709693264457,0.04228724003956577,1.3532501535454278,1.8217211228718735
Llama-3.1-8B,LC126K,32,M3D_NMP_CPA,126000,128,32,6,0,0.0,0.0,0.4684709693264457,0.04228724003956577,1.3532501535454278,1.8217211228718735
Llama-3.1-8B,LC126K,32,M3D_NMP_CPA,126000,128,32,7,0,0.0,0.0,0.4684709693264457,0.04228724003956577,1.3532501535454278,1.8217211228718735
Llama-3.1-8B,LC126K,32,M3D_NMP_CPA,126000,128,32,8,0,0.0,0.0,0.4684709693264457,0.04228724003956577,1.3532501535454278,1.8217211228718735
Llama-3.1-8B,LC126K,32,M3D_NMP_CPA,126000,128,32,9,0,0.0,0.0,0.4684709693264457,0.04228724003956577,1.3532501535454278,1.8217211228718735
Llama-3.1-8B,LC126K,32,M3D_NMP_CPA,126000,128,32,10,0,0.0,0.0,0.4684709693264457,0.04228724003956577,1.3532501535454278,1.8217211228718735
Llama-3.1-8B,LC126K,32,M3D_NMP_CPA,126000,128,32,11,0,0.0,0.0,0.4684709693264457,0.04228724003956577,1.3532501535454278,1.8217211228718735
Llama-3.1-8B,LC126K,32,M3D_NMP_CPA,126000,128,32,12,0,0.0,0.0,0.4684709693264457,0.04228724003956577,1.3532501535454278,1.8217211228718735
Llama-3.1-8B,LC126K,32,M3D_NMP_CPA,126000,128,32,13,0,0.0,0.0,0.4684709693264457,0.04228724003956577,1.3532501535454278,1.8217211228718735
Llama-3.1-8B,LC126K,32,M3D_NMP_CPA,126000,128,32,14,0,0.0,0.0,0.4684709693264457,0.04228724003956577,1.3532501535454278,1.8217211228718735
Llama-3.1-8B,LC126K,32,M3D_NMP_CPA,126000,128,32,15,0,0.0,0.0,0.4684709693264457,0.04228724003956577,1.3532501535454278,1.8217211228718735
Llama-3.1-8B,LC126K,32,M3D_NMP_CPA,126000,128,32,16,0,0.0,0.0,0.4684709693264457,0.04228724003956577,1.3532501535454278,1.8217211228718735
Llama-3.1-8B,LC126K,32,M3D_NMP_CPA,126000,128,32,17,0,0.0,0.0,0.4684709693264457,0.04228724003956577,1.3532501535454278,1.8217211228718735
Llama-3.1-8B,LC126K,32,M3D_NMP_CPA,126000,128,32,18,0,0.0,0.0,0.4684709693264457,0.04228724003956577,1.3532501535454278,1.8217211228718735
Llama-3.1-8B,LC126K,32,M3D_NMP_CPA,126000,128,32,19,0,0.0,0.0,0.4684709693264457,0.04228724003956577,1.3532501535454278,1.8217211228718735
Llama-3.1-8B,LC126K,32,M3D_NMP_CPA,126000,128,32,20,0,0.0,0.0,0.4684709693264457,0.04228724003956577,1.3532501535454278,1.8217211228718735
Llama-3.1-8B,LC126K,32,M3D_NMP_CPA,126000,128,32,21,0,0.0,0.0,0.4684709693264457,0.04228724003956577,1.3532501535454278,1.8217211228718735
Llama-3.1-8B,LC126K,32,M3D_NMP_CPA,126000,128,32,22,0,0.0,0.0,0.4684709693264457,0.04228724003956577,1.3532501535454278,1.8217211228718735
Llama-3.1-8B,LC126K,32,M3D_NMP_CPA,126000,128,32,23,0,0.0,0.0,0.4684709693264457,0.04228724003956577,1.3532501535454278,1.8217211228718735
Llama-3.1-8B,LC126K,32,M3D_NMP_CPA,126000,128,32,24,0,0.0,0.0,0.4684709693264457,0.04228724003956577,1.3532501535454278,1.8217211228718735
Llama-3.1-8B,LC126K,32,M3D_NMP_CPA,126000,128,32,25,0,0.0,0.0,0.4684709693264457,0.04228724003956577,1.3532501535454278,1.8217211228718735
Llama-3.1-8B,LC126K,32,M3D_NMP_CPA,126000,128,32,26,0,0.0,0.0,0.4684709693264457,0.04228724003956577,1.3532501535454278,1.8217211228718735
Llama-3.1-8B,LC126K,32,M3D_NMP_CPA,126000,128,32,27,0,0.0,0.0,0.4684709693264457,0.04228724003956577,1.3532501535454278,1.8217211228718735
Llama-3.1-8B,LC126K,32,M3D_NMP_CPA,126000,128,32,28,0,0.0,0.0,0.4684709693264457,0.04228724003956577,1.3532501535454278,1.8217211228718735
Llama-3.1-8B,LC126K,32,M3D_NMP_CPA,126000,128,32,29,0,0.0,0.0,0.4684709693264457,0.04228724003956577,1.3532501535454278,1.8217211228718735
Llama-3.1-8B,LC126K,32,M3D_NMP_CPA,126000,128,32,30,0,0.0,0.0,0.4684709693264457,0.04228724003956577,1.3532501535454278,1.8217211228718735
Llama-3.1-8B,LC126K,32,M3D_NMP_CPA,126000,128,32,31,0,0.0,0.0,0.4684709693264457,0.04228724003956577,1.3532501535454278,1.8217211228718735
Qwen2.5-32B,LC20K,1,HBM_HOST_OFFLOAD,20000,128,32,0,0,0.0,0.0,0.02357082786895056,0.022434356870054958,0.717941545457839,0.7415123733267895
Qwen2.5-32B,LC20K,1,HBM_RESIDENT_WAVE,20000,128,32,0,0,0.0,0.0,0.02357082786895056,0.022434356870054958,0.717941545457839,0.7415123733267895
Qwen2.5-32B,LC20K,1,HBM_BEST,20000,128,32,0,0,0.0,0.0,0.02357082786895056,0.022434356870054958,0.717941545457839,0.7415123733267895
Qwen2.5-32B,LC20K,1,M3D_GPU,20000,128,32,0,0,0.0,0.0,0.02234036855293824,0.021382619049918138,0.6842683841316031,0.7066087526845413
Qwen2.5-32B,LC20K,1,M3D_NMP_UNIFORM,20000,128,32,0,0,0.0,0.0,0.02142447399807331,0.004984640391981442,0.15951526661844279,0.1809397406165161
Qwen2.5-32B,LC20K,1,M3D_NMP_CPA,20000,128,32,0,0,0.0,0.0,0.02142447399807331,0.004538575446386738,0.14524628348698693,0.16667075748506024
Qwen2.5-32B,LC20K,8,HBM_HOST_OFFLOAD,20000,128,32,0,0,0.0,0.0,0.1297881235456,0.03440136735653972,1.101180760337914,1.230968883883514
Qwen2.5-32B,LC20K,8,HBM_HOST_OFFLOAD,20000,128,32,1,0,0.0,0.0,0.1297881235456,0.03440136735653972,1.101180760337914,1.230968883883514
Qwen2.5-32B,LC20K,8,HBM_HOST_OFFLOAD,20000,128,32,2,0,0.0,0.0,0.1297881235456,0.03440136735653972,1.101180760337914,1.230968883883514
Qwen2.5-32B,LC20K,8,HBM_HOST_OFFLOAD,20000,128,32,3,0,0.0,0.0,0.1297881235456,0.03440136735653972,1.101180760337914,1.230968883883514
Qwen2.5-32B,LC20K,8,HBM_HOST_OFFLOAD,20000,128,32,4,0,0.0,0.0,0.1297881235456,0.03440136735653972,1.101180760337914,1.230968883883514
Qwen2.5-32B,LC20K,8,HBM_HOST_OFFLOAD,20000,128,32,5,0,0.0,0.0,0.1297881235456,0.03440136735653972,1.101180760337914,1.230968883883514
Qwen2.5-32B,LC20K,8,HBM_HOST_OFFLOAD,20000,128,32,6,0,0.0,0.0,0.1297881235456,0.03440136735653972,1.101180760337914,1.230968883883514
Qwen2.5-32B,LC20K,8,HBM_HOST_OFFLOAD,20000,128,32,7,0,0.0,0.0,0.1297881235456,0.03440136735653972,1.101180760337914,1.230968883883514
Qwen2.5-32B,LC20K,8,HBM_RESIDENT_WAVE,20000,128,32,0,0,0.0,0.0,0.1297881235456,0.03440136735653972,1.101180760337914,1.230968883883514
Qwen2.5-32B,LC20K,8,HBM_RESIDENT_WAVE,20000,128,32,1,0,0.0,0.0,0.1297881235456,0.03440136735653972,1.101180760337914,1.230968883883514
Qwen2.5-32B,LC20K,8,HBM_RESIDENT_WAVE,20000,128,32,2,0,0.0,0.0,0.1297881235456,0.03440136735653972,1.101180760337914,1.230968883883514
Qwen2.5-32B,LC20K,8,HBM_RESIDENT_WAVE,20000,128,32,3,0,0.0,0.0,0.1297881235456,0.03440136735653972,1.101180760337914,1.230968883883514
Qwen2.5-32B,LC20K,8,HBM_RESIDENT_WAVE,20000,128,32,4,0,0.0,0.0,0.1297881235456,0.03440136735653972,1.101180760337914,1.230968883883514
Qwen2.5-32B,LC20K,8,HBM_RESIDENT_WAVE,20000,128,32,5,0,0.0,0.0,0.1297881235456,0.03440136735653972,1.101180760337914,1.230968883883514
Qwen2.5-32B,LC20K,8,HBM_RESIDENT_WAVE,20000,128,32,6,0,0.0,0.0,0.1297881235456,0.03440136735653972,1.101180760337914,1.230968883883514
Qwen2.5-32B,LC20K,8,HBM_RESIDENT_WAVE,20000,128,32,7,0,0.0,0.0,0.1297881235456,0.03440136735653972,1.101180760337914,1.230968883883514
Qwen2.5-32B,LC20K,8,HBM_BEST,20000,128,32,0,0,0.0,0.0,0.1297881235456,0.03440136735653972,1.101180760337914,1.230968883883514
Qwen2.5-32B,LC20K,8,HBM_BEST,20000,128,32,1,0,0.0,0.0,0.1297881235456,0.03440136735653972,1.101180760337914,1.230968883883514
Qwen2.5-32B,LC20K,8,HBM_BEST,20000,128,32,2,0,0.0,0.0,0.1297881235456,0.03440136735653972,1.101180760337914,1.230968883883514
Qwen2.5-32B,LC20K,8,HBM_BEST,20000,128,32,3,0,0.0,0.0,0.1297881235456,0.03440136735653972,1.101180760337914,1.230968883883514
Qwen2.5-32B,LC20K,8,HBM_BEST,20000,128,32,4,0,0.0,0.0,0.1297881235456,0.03440136735653972,1.101180760337914,1.230968883883514
Qwen2.5-32B,LC20K,8,HBM_BEST,20000,128,32,5,0,0.0,0.0,0.1297881235456,0.03440136735653972,1.101180760337914,1.230968883883514
Qwen2.5-32B,LC20K,8,HBM_BEST,20000,128,32,6,0,0.0,0.0,0.1297881235456,0.03440136735653972,1.101180760337914,1.230968883883514
Qwen2.5-32B,LC20K,8,HBM_BEST,20000,128,32,7,0,0.0,0.0,0.1297881235456,0.03440136735653972,1.101180760337914,1.230968883883514
Qwen2.5-32B,LC20K,8,M3D_GPU,20000,128,32,0,0,0.0,0.0,0.1297881235456,0.03258963997080436,1.0431684882071544,1.1729566117527543
Qwen2.5-32B,LC20K,8,M3D_GPU,20000,128,32,1,0,0.0,0.0,0.1297881235456,0.03258963997080436,1.0431684882071544,1.1729566117527543
Qwen2.5-32B,LC20K,8,M3D_GPU,20000,128,32,2,0,0.0,0.0,0.1297881235456,0.03258963997080436,1.0431684882071544,1.1729566117527543
Qwen2.5-32B,LC20K,8,M3D_GPU,20000,128,32,3,0,0.0,0.0,0.1297881235456,0.03258963997080436,1.0431684882071544,1.1729566117527543
Qwen2.5-32B,LC20K,8,M3D_GPU,20000,128,32,4,0,0.0,0.0,0.1297881235456,0.03258963997080436,1.0431684882071544,1.1729566117527543
Qwen2.5-32B,LC20K,8,M3D_GPU,20000,128,32,5,0,0.0,0.0,0.1297881235456,0.03258963997080436,1.0431684882071544,1.1729566117527543
Qwen2.5-32B,LC20K,8,M3D_GPU,20000,128,32,6,0,0.0,0.0,0.1297881235456,0.03258963997080436,1.0431684882071544,1.1729566117527543
Qwen2.5-32B,LC20K,8,M3D_GPU,20000,128,32,7,0,0.0,0.0,0.1297881235456,0.03258963997080436,1.0431684882071544,1.1729566117527543
Qwen2.5-32B,LC20K,8,M3D_NMP_UNIFORM,20000,128,32,0,0,0.0,0.0,0.1297881235456,0.02502788635057161,0.8009255303428302,0.9307136538884302
Qwen2.5-32B,LC20K,8,M3D_NMP_UNIFORM,20000,128,32,1,0,0.0,0.0,0.1297881235456,0.02502788635057161,0.8009255303428302,0.9307136538884302
Qwen2.5-32B,LC20K,8,M3D_NMP_UNIFORM,20000,128,32,2,0,0.0,0.0,0.1297881235456,0.02502788635057161,0.8009255303428302,0.9307136538884302
Qwen2.5-32B,LC20K,8,M3D_NMP_UNIFORM,20000,128,32,3,0,0.0,0.0,0.1297881235456,0.02502788635057161,0.8009255303428302,0.9307136538884302
Qwen2.5-32B,LC20K,8,M3D_NMP_UNIFORM,20000,128,32,4,0,0.0,0.0,0.1297881235456,0.02502788635057161,0.8009255303428302,0.9307136538884302
Qwen2.5-32B,LC20K,8,M3D_NMP_UNIFORM,20000,128,32,5,0,0.0,0.0,0.1297881235456,0.02502788635057161,0.8009255303428302,0.9307136538884302
Qwen2.5-32B,LC20K,8,M3D_NMP_UNIFORM,20000,128,32,6,0,0.0,0.0,0.1297881235456,0.02502788635057161,0.8009255303428302,0.9307136538884302
Qwen2.5-32B,LC20K,8,M3D_NMP_UNIFORM,20000,128,32,7,0,0.0,0.0,0.1297881235456,0.02502788635057161,0.8009255303428302,0.9307136538884302
Qwen2.5-32B,LC20K,8,M3D_NMP_CPA,20000,128,32,0,0,0.0,0.0,0.1297881235456,0.020750981165628225,0.6640941758979855,0.7938822994435855
Qwen2.5-32B,LC20K,8,M3D_NMP_CPA,20000,128,32,1,0,0.0,0.0,0.1297881235456,0.020750981165628225,0.6640941758979855,0.7938822994435855
Qwen2.5-32B,LC20K,8,M3D_NMP_CPA,20000,128,32,2,0,0.0,0.0,0.1297881235456,0.020750981165628225,0.6640941758979855,0.7938822994435855
Qwen2.5-32B,LC20K,8,M3D_NMP_CPA,20000,128,32,3,0,0.0,0.0,0.1297881235456,0.020750981165628225,0.6640941758979855,0.7938822994435855
Qwen2.5-32B,LC20K,8,M3D_NMP_CPA,20000,128,32,4,0,0.0,0.0,0.1297881235456,0.020750981165628225,0.6640941758979855,0.7938822994435855
Qwen2.5-32B,LC20K,8,M3D_NMP_CPA,20000,128,32,5,0,0.0,0.0,0.1297881235456,0.020750981165628225,0.6640941758979855,0.7938822994435855
Qwen2.5-32B,LC20K,8,M3D_NMP_CPA,20000,128,32,6,0,0.0,0.0,0.1297881235456,0.020750981165628225,0.6640941758979855,0.7938822994435855
Qwen2.5-32B,LC20K,8,M3D_NMP_CPA,20000,128,32,7,0,0.0,0.0,0.1297881235456,0.020750981165628225,0.6640941758979855,0.7938822994435855
Qwen2.5-32B,LC20K,32,HBM_HOST_OFFLOAD,20000,128,32,0,0,0.0,0.0,0.5191524941824,0.21268032857760485,6.81576414845559,7.33491664263799
Qwen2.5-32B,LC20K,32,HBM_HOST_OFFLOAD,20000,128,32,1,0,0.0,0.0,0.5191524941824,0.21268032857760485,6.81576414845559,7.33491664263799
Qwen2.5-32B,LC20K,32,HBM_HOST_OFFLOAD,20000,128,32,2,0,0.0,0.0,0.5191524941824,0.21268032857760485,6.81576414845559,7.33491664263799
Qwen2.5-32B,LC20K,32,HBM_HOST_OFFLOAD,20000,128,32,3,0,0.0,0.0,0.5191524941824,0.21268032857760485,6.81576414845559,7.33491664263799
Qwen2.5-32B,LC20K,32,HBM_HOST_OFFLOAD,20000,128,32,4,0,0.0,0.0,0.5191524941824,0.21268032857760485,6.81576414845559,7.33491664263799
Qwen2.5-32B,LC20K,32,HBM_HOST_OFFLOAD,20000,128,32,5,0,0.0,0.0,0.5191524941824,0.21268032857760485,6.81576414845559,7.33491664263799
Qwen2.5-32B,LC20K,32,HBM_HOST_OFFLOAD,20000,128,32,6,0,0.0,0.0,0.5191524941824,0.21268032857760485,6.81576414845559,7.33491664263799
Qwen2.5-32B,LC20K,32,HBM_HOST_OFFLOAD,20000,128,32,7,0,0.0,0.0,0.5191524941824,0.21268032857760485,6.81576414845559,7.33491664263799
Qwen2.5-32B,LC20K,32,HBM_HOST_OFFLOAD,20000,128,32,8,0,0.0,0.0,0.5191524941824,0.21268032857760485,6.81576414845559,7.33491664263799
Qwen2.5-32B,LC20K,32,HBM_HOST_OFFLOAD,20000,128,32,9,0,0.0,0.0,0.5191524941824,0.21268032857760485,6.81576414845559,7.33491664263799
Qwen2.5-32B,LC20K,32,HBM_HOST_OFFLOAD,20000,128,32,10,0,0.0,0.0,0.5191524941824,0.21268032857760485,6.81576414845559,7.33491664263799
Qwen2.5-32B,LC20K,32,HBM_HOST_OFFLOAD,20000,128,32,11,0,0.0,0.0,0.5191524941824,0.21268032857760485,6.81576414845559,7.33491664263799
Qwen2.5-32B,LC20K,32,HBM_HOST_OFFLOAD,20000,128,32,12,0,0.0,0.0,0.5191524941824,0.21268032857760485,6.81576414845559,7.33491664263799
Qwen2.5-32B,LC20K,32,HBM_HOST_OFFLOAD,20000,128,32,13,0,0.0,0.0,0.5191524941824,0.21268032857760485,6.81576414845559,7.33491664263799
Qwen2.5-32B,LC20K,32,HBM_HOST_OFFLOAD,20000,128,32,14,0,0.0,0.0,0.5191524941824,0.21268032857760485,6.81576414845559,7.33491664263799
Qwen2.5-32B,LC20K,32,HBM_HOST_OFFLOAD,20000,128,32,15,0,0.0,0.0,0.5191524941824,0.21268032857760485,6.81576414845559,7.33491664263799
Qwen2.5-32B,LC20K,32,HBM_HOST_OFFLOAD,20000,128,32,16,0,0.0,0.0,0.5191524941824,0.21268032857760485,6.81576414845559,7.33491664263799
Qwen2.5-32B,LC20K,32,HBM_HOST_OFFLOAD,20000,128,32,17,0,0.0,0.0,0.5191524941824,0.21268032857760485,6.81576414845559,7.33491664263799
Qwen2.5-32B,LC20K,32,HBM_HOST_OFFLOAD,20000,128,32,18,0,0.0,0.0,0.5191524941824,0.21268032857760485,6.81576414845559,7.33491664263799
Qwen2.5-32B,LC20K,32,HBM_HOST_OFFLOAD,20000,128,32,19,0,0.0,0.0,0.5191524941824,0.21268032857760485,6.81576414845559,7.33491664263799
Qwen2.5-32B,LC20K,32,HBM_HOST_OFFLOAD,20000,128,32,20,0,0.0,0.0,0.5191524941824,0.21268032857760485,6.81576414845559,7.33491664263799
Qwen2.5-32B,LC20K,32,HBM_HOST_OFFLOAD,20000,128,32,21,0,0.0,0.0,0.5191524941824,0.21268032857760485,6.81576414845559,7.33491664263799
Qwen2.5-32B,LC20K,32,HBM_HOST_OFFLOAD,20000,128,32,22,0,0.0,0.0,0.5191524941824,0.21268032857760485,6.81576414845559,7.33491664263799
Qwen2.5-32B,LC20K,32,HBM_HOST_OFFLOAD,20000,128,32,23,0,0.0,0.0,0.5191524941824,0.21268032857760485,6.81576414845559,7.33491664263799
Qwen2.5-32B,LC20K,32,HBM_HOST_OFFLOAD,20000,128,32,24,0,0.0,0.0,0.5191524941824,0.21268032857760485,6.81576414845559,7.33491664263799
Qwen2.5-32B,LC20K,32,HBM_HOST_OFFLOAD,20000,128,32,25,0,0.0,0.0,0.5191524941824,0.21268032857760485,6.81576414845559,7.33491664263799
Qwen2.5-32B,LC20K,32,HBM_HOST_OFFLOAD,20000,128,32,26,0,0.0,0.0,0.5191524941824,0.21268032857760485,6.81576414845559,7.33491664263799
Qwen2.5-32B,LC20K,32,HBM_HOST_OFFLOAD,20000,128,32,27,0,0.0,0.0,0.5191524941824,0.21268032857760485,6.81576414845559,7.33491664263799
Qwen2.5-32B,LC20K,32,HBM_HOST_OFFLOAD,20000,128,32,28,0,0.0,0.0,0.5191524941824,0.21268032857760485,6.81576414845559,7.33491664263799
Qwen2.5-32B,LC20K,32,HBM_HOST_OFFLOAD,20000,128,32,29,0,0.0,0.0,0.5191524941824,0.21268032857760485,6.81576414845559,7.33491664263799
Qwen2.5-32B,LC20K,32,HBM_HOST_OFFLOAD,20000,128,32,30,0,0.0,0.0,0.5191524941824,0.21268032857760485,6.81576414845559,7.33491664263799
Qwen2.5-32B,LC20K,32,HBM_HOST_OFFLOAD,20000,128,32,31,0,0.0,0.0,0.5191524941824,0.21268032857760485,6.81576414845559,7.33491664263799
Qwen2.5-32B,LC20K,32,HBM_RESIDENT_WAVE,20000,128,32,0,0,0.0,0.0,0.22712921620479998,0.0446588049163838,1.429671515949407,1.6568007321542069
Qwen2.5-32B,LC20K,32,HBM_RESIDENT_WAVE,20000,128,32,1,0,0.0,0.0,0.22712921620479998,0.0446588049163838,1.429671515949407,1.6568007321542069
Qwen2.5-32B,LC20K,32,HBM_RESIDENT_WAVE,20000,128,32,2,0,0.0,0.0,0.22712921620479998,0.0446588049163838,1.429671515949407,1.6568007321542069
Qwen2.5-32B,LC20K,32,HBM_RESIDENT_WAVE,20000,128,32,3,0,0.0,0.0,0.22712921620479998,0.0446588049163838,1.429671515949407,1.6568007321542069
Qwen2.5-32B,LC20K,32,HBM_RESIDENT_WAVE,20000,128,32,4,0,0.0,0.0,0.22712921620479998,0.0446588049163838,1.429671515949407,1.6568007321542069
Qwen2.5-32B,LC20K,32,HBM_RESIDENT_WAVE,20000,128,32,5,0,0.0,0.0,0.22712921620479998,0.0446588049163838,1.429671515949407,1.6568007321542069
Qwen2.5-32B,LC20K,32,HBM_RESIDENT_WAVE,20000,128,32,6,0,0.0,0.0,0.22712921620479998,0.0446588049163838,1.429671515949407,1.6568007321542069
Qwen2.5-32B,LC20K,32,HBM_RESIDENT_WAVE,20000,128,32,7,0,0.0,0.0,0.22712921620479998,0.0446588049163838,1.429671515949407,1.6568007321542069
Qwen2.5-32B,LC20K,32,HBM_RESIDENT_WAVE,20000,128,32,8,0,0.0,0.0,0.22712921620479998,0.0446588049163838,1.429671515949407,1.6568007321542069
Qwen2.5-32B,LC20K,32,HBM_RESIDENT_WAVE,20000,128,32,9,0,0.0,0.0,0.22712921620479998,0.0446588049163838,1.429671515949407,1.6568007321542069
Qwen2.5-32B,LC20K,32,HBM_RESIDENT_WAVE,20000,128,32,10,0,0.0,0.0,0.22712921620479998,0.0446588049163838,1.429671515949407,1.6568007321542069
Qwen2.5-32B,LC20K,32,HBM_RESIDENT_WAVE,20000,128,32,11,0,0.0,0.0,0.22712921620479998,0.0446588049163838,1.429671515949407,1.6568007321542069
Qwen2.5-32B,LC20K,32,HBM_RESIDENT_WAVE,20000,128,32,12,0,0.0,0.0,0.22712921620479998,0.0446588049163838,1.429671515949407,1.6568007321542069
Qwen2.5-32B,LC20K,32,HBM_RESIDENT_WAVE,20000,128,32,13,0,0.0,0.0,0.22712921620479998,0.0446588049163838,1.429671515949407,1.6568007321542069
Qwen2.5-32B,LC20K,32,HBM_RESIDENT_WAVE,20000,128,32,14,1,1.6568007321542069,0.17629898640534178,0.22712921620479998,0.0446588049163838,1.429671515949407,3.4899004507137557
Qwen2.5-32B,LC20K,32,HBM_RESIDENT_WAVE,20000,128,32,15,1,1.6568007321542069,0.17629898640534178,0.22712921620479998,0.0446588049163838,1.429671515949407,3.4899004507137557
Qwen2.5-32B,LC20K,32,HBM_RESIDENT_WAVE,20000,128,32,16,1,1.6568007321542069,0.17629898640534178,0.22712921620479998,0.0446588049163838,1.429671515949407,3.4899004507137557
Qwen2.5-32B,LC20K,32,HBM_RESIDENT_WAVE,20000,128,32,17,1,1.6568007321542069,0.17629898640534178,0.22712921620479998,0.0446588049163838,1.429671515949407,3.4899004507137557
Qwen2.5-32B,LC20K,32,HBM_RESIDENT_WAVE,20000,128,32,18,1,1.6568007321542069,0.17629898640534178,0.22712921620479998,0.0446588049163838,1.429671515949407,3.4899004507137557
Qwen2.5-32B,LC20K,32,HBM_RESIDENT_WAVE,20000,128,32,19,1,1.6568007321542069,0.17629898640534178,0.22712921620479998,0.0446588049163838,1.429671515949407,3.4899004507137557
Qwen2.5-32B,LC20K,32,HBM_RESIDENT_WAVE,20000,128,32,20,1,1.6568007321542069,0.17629898640534178,0.22712921620479998,0.0446588049163838,1.429671515949407,3.4899004507137557
Qwen2.5-32B,LC20K,32,HBM_RESIDENT_WAVE,20000,128,32,21,1,1.6568007321542069,0.17629898640534178,0.22712921620479998,0.0446588049163838,1.429671515949407,3.4899004507137557
Qwen2.5-32B,LC20K,32,HBM_RESIDENT_WAVE,20000,128,32,22,1,1.6568007321542069,0.17629898640534178,0.22712921620479998,0.0446588049163838,1.429671515949407,3.4899004507137557
Qwen2.5-32B,LC20K,32,HBM_RESIDENT_WAVE,20000,128,32,23,1,1.6568007321542069,0.17629898640534178,0.22712921620479998,0.0446588049163838,1.429671515949407,3.4899004507137557
Qwen2.5-32B,LC20K,32,HBM_RESIDENT_WAVE,20000,128,32,24,1,1.6568007321542069,0.17629898640534178,0.22712921620479998,0.0446588049163838,1.429671515949407,3.4899004507137557
Qwen2.5-32B,LC20K,32,HBM_RESIDENT_WAVE,20000,128,32,25,1,1.6568007321542069,0.17629898640534178,0.22712921620479998,0.0446588049163838,1.429671515949407,3.4899004507137557
Qwen2.5-32B,LC20K,32,HBM_RESIDENT_WAVE,20000,128,32,26,1,1.6568007321542069,0.17629898640534178,0.22712921620479998,0.0446588049163838,1.429671515949407,3.4899004507137557
Qwen2.5-32B,LC20K,32,HBM_RESIDENT_WAVE,20000,128,32,27,1,1.6568007321542069,0.17629898640534178,0.22712921620479998,0.0446588049163838,1.429671515949407,3.4899004507137557
Qwen2.5-32B,LC20K,32,HBM_RESIDENT_WAVE,20000,128,32,28,2,3.4899004507137557,0.050371138972954796,0.0648940617728,0.027563075649976995,0.8821869232635854,4.487352574723095
Qwen2.5-32B,LC20K,32,HBM_RESIDENT_WAVE,20000,128,32,29,2,3.4899004507137557,0.050371138972954796,0.0648940617728,0.027563075649976995,0.8821869232635854,4.487352574723095
Qwen2.5-32B,LC20K,32,HBM_RESIDENT_WAVE,20000,128,32,30,2,3.4899004507137557,0.050371138972954796,0.0648940617728,0.027563075649976995,0.8821869232635854,4.487352574723095
Qwen2.5-32B,LC20K,32,HBM_RESIDENT_WAVE,20000,128,32,31,2,3.4899004507137557,0.050371138972954796,0.0648940617728,0.027563075649976995,0.8821869232635854,4.487352574723095
Qwen2.5-32B,LC20K,32,HBM_BEST,20000,128,32,0,0,0.0,0.0,0.22712921620479998,0.0446588049163838,1.429671515949407,1.6568007321542069
Qwen2.5-32B,LC20K,32,HBM_BEST,20000,128,32,1,0,0.0,0.0,0.22712921620479998,0.0446588049163838,1.429671515949407,1.6568007321542069
Qwen2.5-32B,LC20K,32,HBM_BEST,20000,128,32,2,0,0.0,0.0,0.22712921620479998,0.0446588049163838,1.429671515949407,1.6568007321542069
Qwen2.5-32B,LC20K,32,HBM_BEST,20000,128,32,3,0,0.0,0.0,0.22712921620479998,0.0446588049163838,1.429671515949407,1.6568007321542069
Qwen2.5-32B,LC20K,32,HBM_BEST,20000,128,32,4,0,0.0,0.0,0.22712921620479998,0.0446588049163838,1.429671515949407,1.6568007321542069
Qwen2.5-32B,LC20K,32,HBM_BEST,20000,128,32,5,0,0.0,0.0,0.22712921620479998,0.0446588049163838,1.429671515949407,1.6568007321542069
Qwen2.5-32B,LC20K,32,HBM_BEST,20000,128,32,6,0,0.0,0.0,0.22712921620479998,0.0446588049163838,1.429671515949407,1.6568007321542069
Qwen2.5-32B,LC20K,32,HBM_BEST,20000,128,32,7,0,0.0,0.0,0.22712921620479998,0.0446588049163838,1.429671515949407,1.6568007321542069
Qwen2.5-32B,LC20K,32,HBM_BEST,20000,128,32,8,0,0.0,0.0,0.22712921620479998,0.0446588049163838,1.429671515949407,1.6568007321542069
Qwen2.5-32B,LC20K,32,HBM_BEST,20000,128,32,9,0,0.0,0.0,0.22712921620479998,0.0446588049163838,1.429671515949407,1.6568007321542069
Qwen2.5-32B,LC20K,32,HBM_BEST,20000,128,32,10,0,0.0,0.0,0.22712921620479998,0.0446588049163838,1.429671515949407,1.6568007321542069
Qwen2.5-32B,LC20K,32,HBM_BEST,20000,128,32,11,0,0.0,0.0,0.22712921620479998,0.0446588049163838,1.429671515949407,1.6568007321542069
Qwen2.5-32B,LC20K,32,HBM_BEST,20000,128,32,12,0,0.0,0.0,0.22712921620479998,0.0446588049163838,1.429671515949407,1.6568007321542069
Qwen2.5-32B,LC20K,32,HBM_BEST,20000,128,32,13,0,0.0,0.0,0.22712921620479998,0.0446588049163838,1.429671515949407,1.6568007321542069
Qwen2.5-32B,LC20K,32,HBM_BEST,20000,128,32,14,1,1.6568007321542069,0.17629898640534178,0.22712921620479998,0.0446588049163838,1.429671515949407,3.4899004507137557
Qwen2.5-32B,LC20K,32,HBM_BEST,20000,128,32,15,1,1.6568007321542069,0.17629898640534178,0.22712921620479998,0.0446588049163838,1.429671515949407,3.4899004507137557
Qwen2.5-32B,LC20K,32,HBM_BEST,20000,128,32,16,1,1.6568007321542069,0.17629898640534178,0.22712921620479998,0.0446588049163838,1.429671515949407,3.4899004507137557
Qwen2.5-32B,LC20K,32,HBM_BEST,20000,128,32,17,1,1.6568007321542069,0.17629898640534178,0.22712921620479998,0.0446588049163838,1.429671515949407,3.4899004507137557
Qwen2.5-32B,LC20K,32,HBM_BEST,20000,128,32,18,1,1.6568007321542069,0.17629898640534178,0.22712921620479998,0.0446588049163838,1.429671515949407,3.4899004507137557
Qwen2.5-32B,LC20K,32,HBM_BEST,20000,128,32,19,1,1.6568007321542069,0.17629898640534178,0.22712921620479998,0.0446588049163838,1.429671515949407,3.4899004507137557
Qwen2.5-32B,LC20K,32,HBM_BEST,20000,128,32,20,1,1.6568007321542069,0.17629898640534178,0.22712921620479998,0.0446588049163838,1.429671515949407,3.4899004507137557
Qwen2.5-32B,LC20K,32,HBM_BEST,20000,128,32,21,1,1.6568007321542069,0.17629898640534178,0.22712921620479998,0.0446588049163838,1.429671515949407,3.4899004507137557
Qwen2.5-32B,LC20K,32,HBM_BEST,20000,128,32,22,1,1.6568007321542069,0.17629898640534178,0.22712921620479998,0.0446588049163838,1.429671515949407,3.4899004507137557
Qwen2.5-32B,LC20K,32,HBM_BEST,20000,128,32,23,1,1.6568007321542069,0.17629898640534178,0.22712921620479998,0.0446588049163838,1.429671515949407,3.4899004507137557
Qwen2.5-32B,LC20K,32,HBM_BEST,20000,128,32,24,1,1.6568007321542069,0.17629898640534178,0.22712921620479998,0.0446588049163838,1.429671515949407,3.4899004507137557
Qwen2.5-32B,LC20K,32,HBM_BEST,20000,128,32,25,1,1.6568007321542069,0.17629898640534178,0.22712921620479998,0.0446588049163838,1.429671515949407,3.4899004507137557
Qwen2.5-32B,LC20K,32,HBM_BEST,20000,128,32,26,1,1.6568007321542069,0.17629898640534178,0.22712921620479998,0.0446588049163838,1.429671515949407,3.4899004507137557
Qwen2.5-32B,LC20K,32,HBM_BEST,20000,128,32,27,1,1.6568007321542069,0.17629898640534178,0.22712921620479998,0.0446588049163838,1.429671515949407,3.4899004507137557
Qwen2.5-32B,LC20K,32,HBM_BEST,20000,128,32,28,2,3.4899004507137557,0.050371138972954796,0.0648940617728,0.027563075649976995,0.8821869232635854,4.487352574723095
Qwen2.5-32B,LC20K,32,HBM_BEST,20000,128,32,29,2,3.4899004507137557,0.050371138972954796,0.0648940617728,0.027563075649976995,0.8821869232635854,4.487352574723095
Qwen2.5-32B,LC20K,32,HBM_BEST,20000,128,32,30,2,3.4899004507137557,0.050371138972954796,0.0648940617728,0.027563075649976995,0.8821869232635854,4.487352574723095
Qwen2.5-32B,LC20K,32,HBM_BEST,20000,128,32,31,2,3.4899004507137557,0.050371138972954796,0.0648940617728,0.027563075649976995,0.8821869232635854,4.487352574723095
Qwen2.5-32B,LC20K,32,M3D_GPU,20000,128,32,0,0,0.0,0.0,0.5191524941824,0.0710138309739272,2.2736869475317345,2.7928394417141345
Qwen2.5-32B,LC20K,32,M3D_GPU,20000,128,32,1,0,0.0,0.0,0.5191524941824,0.0710138309739272,2.2736869475317345,2.7928394417141345
Qwen2.5-32B,LC20K,32,M3D_GPU,20000,128,32,2,0,0.0,0.0,0.5191524941824,0.0710138309739272,2.2736869475317345,2.7928394417141345
Qwen2.5-32B,LC20K,32,M3D_GPU,20000,128,32,3,0,0.0,0.0,0.5191524941824,0.0710138309739272,2.2736869475317345,2.7928394417141345
Qwen2.5-32B,LC20K,32,M3D_GPU,20000,128,32,4,0,0.0,0.0,0.5191524941824,0.0710138309739272,2.2736869475317345,2.7928394417141345
Qwen2.5-32B,LC20K,32,M3D_GPU,20000,128,32,5,0,0.0,0.0,0.5191524941824,0.0710138309739272,2.2736869475317345,2.7928394417141345
Qwen2.5-32B,LC20K,32,M3D_GPU,20000,128,32,6,0,0.0,0.0,0.5191524941824,0.0710138309739272,2.2736869475317345,2.7928394417141345
Qwen2.5-32B,LC20K,32,M3D_GPU,20000,128,32,7,0,0.0,0.0,0.5191524941824,0.0710138309739272,2.2736869475317345,2.7928394417141345
Qwen2.5-32B,LC20K,32,M3D_GPU,20000,128,32,8,0,0.0,0.0,0.5191524941824,0.0710138309739272,2.2736869475317345,2.7928394417141345
Qwen2.5-32B,LC20K,32,M3D_GPU,20000,128,32,9,0,0.0,0.0,0.5191524941824,0.0710138309739272,2.2736869475317345,2.7928394417141345
Qwen2.5-32B,LC20K,32,M3D_GPU,20000,128,32,10,0,0.0,0.0,0.5191524941824,0.0710138309739272,2.2736869475317345,2.7928394417141345
Qwen2.5-32B,LC20K,32,M3D_GPU,20000,128,32,11,0,0.0,0.0,0.5191524941824,0.0710138309739272,2.2736869475317345,2.7928394417141345
Qwen2.5-32B,LC20K,32,M3D_GPU,20000,128,32,12,0,0.0,0.0,0.5191524941824,0.0710138309739272,2.2736869475317345,2.7928394417141345
Qwen2.5-32B,LC20K,32,M3D_GPU,20000,128,32,13,0,0.0,0.0,0.5191524941824,0.0710138309739272,2.2736869475317345,2.7928394417141345
Qwen2.5-32B,LC20K,32,M3D_GPU,20000,128,32,14,0,0.0,0.0,0.5191524941824,0.0710138309739272,2.2736869475317345,2.7928394417141345
Qwen2.5-32B,LC20K,32,M3D_GPU,20000,128,32,15,0,0.0,0.0,0.5191524941824,0.0710138309739272,2.2736869475317345,2.7928394417141345
Qwen2.5-32B,LC20K,32,M3D_GPU,20000,128,32,16,0,0.0,0.0,0.5191524941824,0.0710138309739272,2.2736869475317345,2.7928394417141345
Qwen2.5-32B,LC20K,32,M3D_GPU,20000,128,32,17,0,0.0,0.0,0.5191524941824,0.0710138309739272,2.2736869475317345,2.7928394417141345
Qwen2.5-32B,LC20K,32,M3D_GPU,20000,128,32,18,0,0.0,0.0,0.5191524941824,0.0710138309739272,2.2736869475317345,2.7928394417141345
Qwen2.5-32B,LC20K,32,M3D_GPU,20000,128,32,19,0,0.0,0.0,0.5191524941824,0.0710138309739272,2.2736869475317345,2.7928394417141345
Qwen2.5-32B,LC20K,32,M3D_GPU,20000,128,32,20,0,0.0,0.0,0.5191524941824,0.0710138309739272,2.2736869475317345,2.7928394417141345
Qwen2.5-32B,LC20K,32,M3D_GPU,20000,128,32,21,0,0.0,0.0,0.5191524941824,0.0710138309739272,2.2736869475317345,2.7928394417141345
Qwen2.5-32B,LC20K,32,M3D_GPU,20000,128,32,22,0,0.0,0.0,0.5191524941824,0.0710138309739272,2.2736869475317345,2.7928394417141345
Qwen2.5-32B,LC20K,32,M3D_GPU,20000,128,32,23,0,0.0,0.0,0.5191524941824,0.0710138309739272,2.2736869475317345,2.7928394417141345
Qwen2.5-32B,LC20K,32,M3D_GPU,20000,128,32,24,0,0.0,0.0,0.5191524941824,0.0710138309739272,2.2736869475317345,2.7928394417141345
Qwen2.5-32B,LC20K,32,M3D_GPU,20000,128,32,25,0,0.0,0.0,0.5191524941824,0.0710138309739272,2.2736869475317345,2.7928394417141345
Qwen2.5-32B,LC20K,32,M3D_GPU,20000,128,32,26,0,0.0,0.0,0.5191524941824,0.0710138309739272,2.2736869475317345,2.7928394417141345
Qwen2.5-32B,LC20K,32,M3D_GPU,20000,128,32,27,0,0.0,0.0,0.5191524941824,0.0710138309739272,2.2736869475317345,2.7928394417141345
Qwen2.5-32B,LC20K,32,M3D_GPU,20000,128,32,28,0,0.0,0.0,0.5191524941824,0.0710138309739272,2.2736869475317345,2.7928394417141345
Qwen2.5-32B,LC20K,32,M3D_GPU,20000,128,32,29,0,0.0,0.0,0.5191524941824,0.0710138309739272,2.2736869475317345,2.7928394417141345
Qwen2.5-32B,LC20K,32,M3D_GPU,20000,128,32,30,0,0.0,0.0,0.5191524941824,0.0710138309739272,2.2736869475317345,2.7928394417141345
Qwen2.5-32B,LC20K,32,M3D_GPU,20000,128,32,31,0,0.0,0.0,0.5191524941824,0.0710138309739272,2.2736869475317345,2.7928394417141345
Qwen2.5-32B,LC20K,32,M3D_NMP_UNIFORM,20000,128,32,0,0,0.0,0.0,0.5191524941824,0.09557657189758166,3.058578937655622,3.577731431838022
Qwen2.5-32B,LC20K,32,M3D_NMP_UNIFORM,20000,128,32,1,0,0.0,0.0,0.5191524941824,0.09557657189758166,3.058578937655622,3.577731431838022
Qwen2.5-32B,LC20K,32,M3D_NMP_UNIFORM,20000,128,32,2,0,0.0,0.0,0.5191524941824,0.09557657189758166,3.058578937655622,3.577731431838022
Qwen2.5-32B,LC20K,32,M3D_NMP_UNIFORM,20000,128,32,3,0,0.0,0.0,0.5191524941824,0.09557657189758166,3.058578937655622,3.577731431838022
Qwen2.5-32B,LC20K,32,M3D_NMP_UNIFORM,20000,128,32,4,0,0.0,0.0,0.5191524941824,0.09557657189758166,3.058578937655622,3.577731431838022
Qwen2.5-32B,LC20K,32,M3D_NMP_UNIFORM,20000,128,32,5,0,0.0,0.0,0.5191524941824,0.09557657189758166,3.058578937655622,3.577731431838022
Qwen2.5-32B,LC20K,32,M3D_NMP_UNIFORM,20000,128,32,6,0,0.0,0.0,0.5191524941824,0.09557657189758166,3.058578937655622,3.577731431838022
Qwen2.5-32B,LC20K,32,M3D_NMP_UNIFORM,20000,128,32,7,0,0.0,0.0,0.5191524941824,0.09557657189758166,3.058578937655622,3.577731431838022
Qwen2.5-32B,LC20K,32,M3D_NMP_UNIFORM,20000,128,32,8,0,0.0,0.0,0.5191524941824,0.09557657189758166,3.058578937655622,3.577731431838022
Qwen2.5-32B,LC20K,32,M3D_NMP_UNIFORM,20000,128,32,9,0,0.0,0.0,0.5191524941824,0.09557657189758166,3.058578937655622,3.577731431838022
Qwen2.5-32B,LC20K,32,M3D_NMP_UNIFORM,20000,128,32,10,0,0.0,0.0,0.5191524941824,0.09557657189758166,3.058578937655622,3.577731431838022
Qwen2.5-32B,LC20K,32,M3D_NMP_UNIFORM,20000,128,32,11,0,0.0,0.0,0.5191524941824,0.09557657189758166,3.058578937655622,3.577731431838022
Qwen2.5-32B,LC20K,32,M3D_NMP_UNIFORM,20000,128,32,12,0,0.0,0.0,0.5191524941824,0.09557657189758166,3.058578937655622,3.577731431838022
Qwen2.5-32B,LC20K,32,M3D_NMP_UNIFORM,20000,128,32,13,0,0.0,0.0,0.5191524941824,0.09557657189758166,3.058578937655622,3.577731431838022
Qwen2.5-32B,LC20K,32,M3D_NMP_UNIFORM,20000,128,32,14,0,0.0,0.0,0.5191524941824,0.09557657189758166,3.058578937655622,3.577731431838022
Qwen2.5-32B,LC20K,32,M3D_NMP_UNIFORM,20000,128,32,15,0,0.0,0.0,0.5191524941824,0.09557657189758166,3.058578937655622,3.577731431838022
Qwen2.5-32B,LC20K,32,M3D_NMP_UNIFORM,20000,128,32,16,0,0.0,0.0,0.5191524941824,0.09557657189758166,3.058578937655622,3.577731431838022
Qwen2.5-32B,LC20K,32,M3D_NMP_UNIFORM,20000,128,32,17,0,0.0,0.0,0.5191524941824,0.09557657189758166,3.058578937655622,3.577731431838022
Qwen2.5-32B,LC20K,32,M3D_NMP_UNIFORM,20000,128,32,18,0,0.0,0.0,0.5191524941824,0.09557657189758166,3.058578937655622,3.577731431838022
Qwen2.5-32B,LC20K,32,M3D_NMP_UNIFORM,20000,128,32,19,0,0.0,0.0,0.5191524941824,0.09557657189758166,3.058578937655622,3.577731431838022
Qwen2.5-32B,LC20K,32,M3D_NMP_UNIFORM,20000,128,32,20,0,0.0,0.0,0.5191524941824,0.09557657189758166,3.058578937655622,3.577731431838022
Qwen2.5-32B,LC20K,32,M3D_NMP_UNIFORM,20000,128,32,21,0,0.0,0.0,0.5191524941824,0.09557657189758166,3.058578937655622,3.577731431838022
Qwen2.5-32B,LC20K,32,M3D_NMP_UNIFORM,20000,128,32,22,0,0.0,0.0,0.5191524941824,0.09557657189758166,3.058578937655622,3.577731431838022
Qwen2.5-32B,LC20K,32,M3D_NMP_UNIFORM,20000,128,32,23,0,0.0,0.0,0.5191524941824,0.09557657189758166,3.058578937655622,3.577731431838022
Qwen2.5-32B,LC20K,32,M3D_NMP_UNIFORM,20000,128,32,24,0,0.0,0.0,0.5191524941824,0.09557657189758166,3.058578937655622,3.577731431838022
Qwen2.5-32B,LC20K,32,M3D_NMP_UNIFORM,20000,128,32,25,0,0.0,0.0,0.5191524941824,0.09557657189758166,3.058578937655622,3.577731431838022
Qwen2.5-32B,LC20K,32,M3D_NMP_UNIFORM,20000,128,32,26,0,0.0,0.0,0.5191524941824,0.09557657189758166,3.058578937655622,3.577731431838022
Qwen2.5-32B,LC20K,32,M3D_NMP_UNIFORM,20000,128,32,27,0,0.0,0.0,0.5191524941824,0.09557657189758166,3.058578937655622,3.577731431838022
Qwen2.5-32B,LC20K,32,M3D_NMP_UNIFORM,20000,128,32,28,0,0.0,0.0,0.5191524941824,0.09557657189758166,3.058578937655622,3.577731431838022
Qwen2.5-32B,LC20K,32,M3D_NMP_UNIFORM,20000,128,32,29,0,0.0,0.0,0.5191524941824,0.09557657189758166,3.058578937655622,3.577731431838022
Qwen2.5-32B,LC20K,32,M3D_NMP_UNIFORM,20000,128,32,30,0,0.0,0.0,0.5191524941824,0.09557657189758166,3.058578937655622,3.577731431838022
Qwen2.5-32B,LC20K,32,M3D_NMP_UNIFORM,20000,128,32,31,0,0.0,0.0,0.5191524941824,0.09557657189758166,3.058578937655622,3.577731431838022
Qwen2.5-32B,LC20K,32,M3D_NMP_CPA,20000,128,32,0,0,0.0,0.0,0.5191524941824,0.08030761511205657,2.570094138439091,3.089246632621491
Qwen2.5-32B,LC20K,32,M3D_NMP_CPA,20000,128,32,1,0,0.0,0.0,0.5191524941824,0.08030761511205657,2.570094138439091,3.089246632621491
Qwen2.5-32B,LC20K,32,M3D_NMP_CPA,20000,128,32,2,0,0.0,0.0,0.5191524941824,0.08030761511205657,2.570094138439091,3.089246632621491
Qwen2.5-32B,LC20K,32,M3D_NMP_CPA,20000,128,32,3,0,0.0,0.0,0.5191524941824,0.08030761511205657,2.570094138439091,3.089246632621491
Qwen2.5-32B,LC20K,32,M3D_NMP_CPA,20000,128,32,4,0,0.0,0.0,0.5191524941824,0.08030761511205657,2.570094138439091,3.089246632621491
Qwen2.5-32B,LC20K,32,M3D_NMP_CPA,20000,128,32,5,0,0.0,0.0,0.5191524941824,0.08030761511205657,2.570094138439091,3.089246632621491
Qwen2.5-32B,LC20K,32,M3D_NMP_CPA,20000,128,32,6,0,0.0,0.0,0.5191524941824,0.08030761511205657,2.570094138439091,3.089246632621491
Qwen2.5-32B,LC20K,32,M3D_NMP_CPA,20000,128,32,7,0,0.0,0.0,0.5191524941824,0.08030761511205657,2.570094138439091,3.089246632621491
Qwen2.5-32B,LC20K,32,M3D_NMP_CPA,20000,128,32,8,0,0.0,0.0,0.5191524941824,0.08030761511205657,2.570094138439091,3.089246632621491
Qwen2.5-32B,LC20K,32,M3D_NMP_CPA,20000,128,32,9,0,0.0,0.0,0.5191524941824,0.08030761511205657,2.570094138439091,3.089246632621491
Qwen2.5-32B,LC20K,32,M3D_NMP_CPA,20000,128,32,10,0,0.0,0.0,0.5191524941824,0.08030761511205657,2.570094138439091,3.089246632621491
Qwen2.5-32B,LC20K,32,M3D_NMP_CPA,20000,128,32,11,0,0.0,0.0,0.5191524941824,0.08030761511205657,2.570094138439091,3.089246632621491
Qwen2.5-32B,LC20K,32,M3D_NMP_CPA,20000,128,32,12,0,0.0,0.0,0.5191524941824,0.08030761511205657,2.570094138439091,3.089246632621491
Qwen2.5-32B,LC20K,32,M3D_NMP_CPA,20000,128,32,13,0,0.0,0.0,0.5191524941824,0.08030761511205657,2.570094138439091,3.089246632621491
Qwen2.5-32B,LC20K,32,M3D_NMP_CPA,20000,128,32,14,0,0.0,0.0,0.5191524941824,0.08030761511205657,2.570094138439091,3.089246632621491
Qwen2.5-32B,LC20K,32,M3D_NMP_CPA,20000,128,32,15,0,0.0,0.0,0.5191524941824,0.08030761511205657,2.570094138439091,3.089246632621491
Qwen2.5-32B,LC20K,32,M3D_NMP_CPA,20000,128,32,16,0,0.0,0.0,0.5191524941824,0.08030761511205657,2.570094138439091,3.089246632621491
Qwen2.5-32B,LC20K,32,M3D_NMP_CPA,20000,128,32,17,0,0.0,0.0,0.5191524941824,0.08030761511205657,2.570094138439091,3.089246632621491
Qwen2.5-32B,LC20K,32,M3D_NMP_CPA,20000,128,32,18,0,0.0,0.0,0.5191524941824,0.08030761511205657,2.570094138439091,3.089246632621491
Qwen2.5-32B,LC20K,32,M3D_NMP_CPA,20000,128,32,19,0,0.0,0.0,0.5191524941824,0.08030761511205657,2.570094138439091,3.089246632621491
Qwen2.5-32B,LC20K,32,M3D_NMP_CPA,20000,128,32,20,0,0.0,0.0,0.5191524941824,0.08030761511205657,2.570094138439091,3.089246632621491
Qwen2.5-32B,LC20K,32,M3D_NMP_CPA,20000,128,32,21,0,0.0,0.0,0.5191524941824,0.08030761511205657,2.570094138439091,3.089246632621491
Qwen2.5-32B,LC20K,32,M3D_NMP_CPA,20000,128,32,22,0,0.0,0.0,0.5191524941824,0.08030761511205657,2.570094138439091,3.089246632621491
Qwen2.5-32B,LC20K,32,M3D_NMP_CPA,20000,128,32,23,0,0.0,0.0,0.5191524941824,0.08030761511205657,2.570094138439091,3.089246632621491
Qwen2.5-32B,LC20K,32,M3D_NMP_CPA,20000,128,32,24,0,0.0,0.0,0.5191524941824,0.08030761511205657,2.570094138439091,3.089246632621491
Qwen2.5-32B,LC20K,32,M3D_NMP_CPA,20000,128,32,25,0,0.0,0.0,0.5191524941824,0.08030761511205657,2.570094138439091,3.089246632621491
Qwen2.5-32B,LC20K,32,M3D_NMP_CPA,20000,128,32,26,0,0.0,0.0,0.5191524941824,0.08030761511205657,2.570094138439091,3.089246632621491
Qwen2.5-32B,LC20K,32,M3D_NMP_CPA,20000,128,32,27,0,0.0,0.0,0.5191524941824,0.08030761511205657,2.570094138439091,3.089246632621491
Qwen2.5-32B,LC20K,32,M3D_NMP_CPA,20000,128,32,28,0,0.0,0.0,0.5191524941824,0.08030761511205657,2.570094138439091,3.089246632621491
Qwen2.5-32B,LC20K,32,M3D_NMP_CPA,20000,128,32,29,0,0.0,0.0,0.5191524941824,0.08030761511205657,2.570094138439091,3.089246632621491
Qwen2.5-32B,LC20K,32,M3D_NMP_CPA,20000,128,32,30,0,0.0,0.0,0.5191524941824,0.08030761511205657,2.570094138439091,3.089246632621491
Qwen2.5-32B,LC20K,32,M3D_NMP_CPA,20000,128,32,31,0,0.0,0.0,0.5191524941824,0.08030761511205657,2.570094138439091,3.089246632621491
Qwen2.5-32B,LC64K,1,HBM_HOST_OFFLOAD,64000,128,32,0,0,0.0,0.0,0.02730777768253235,0.026171306683636746,0.8375239394924561,0.8648317171749884
Qwen2.5-32B,LC64K,1,HBM_RESIDENT_WAVE,64000,128,32,0,0,0.0,0.0,0.02730777768253235,0.026171306683636746,0.8375239394924561,0.8648317171749884
Qwen2.5-32B,LC64K,1,HBM_BEST,64000,128,32,0,0,0.0,0.0,0.02730777768253235,0.026171306683636746,0.8375239394924561,0.8648317171749884
Qwen2.5-32B,LC64K,1,M3D_GPU,64000,128,32,0,0,0.0,0.0,0.02676919407177143,0.0248726722970925,0.7959653272151673,0.8227345212869388
Qwen2.5-32B,LC64K,1,M3D_NMP_UNIFORM,64000,128,32,0,0,0.0,0.0,0.02676919407177143,0.00536482685241544,0.17167871530842146,0.19844790938019288
Qwen2.5-32B,LC64K,1,M3D_NMP_CPA,64000,128,32,0,0,0.0,0.0,0.02676919407177143,0.0050537420474475025,0.16172373748694716,0.18849293155871857
Qwen2.5-32B,LC64K,8,HBM_HOST_OFFLOAD,64000,128,32,0,0,0.0,0.0,0.21415355257417143,0.12891253417879617,4.127699502214536,4.341853054788708
Qwen2.5-32B,LC64K,8,HBM_HOST_OFFLOAD,64000,128,32,1,0,0.0,0.0,0.21415355257417143,0.12891253417879617,4.127699502214536,4.341853054788708
Qwen2.5-32B,LC64K,8,HBM_HOST_OFFLOAD,64000,128,32,2,0,0.0,0.0,0.21415355257417143,0.12891253417879617,4.127699502214536,4.341853054788708
Qwen2.5-32B,LC64K,8,HBM_HOST_OFFLOAD,64000,128,32,3,0,0.0,0.0,0.21415355257417143,0.12891253417879617,4.127699502214536,4.341853054788708
Qwen2.5-32B,LC64K,8,HBM_HOST_OFFLOAD,64000,128,32,4,0,0.0,0.0,0.21415355257417143,0.12891253417879617,4.127699502214536,4.341853054788708
Qwen2.5-32B,LC64K,8,HBM_HOST_OFFLOAD,64000,128,32,5,0,0.0,0.0,0.21415355257417143,0.12891253417879617,4.127699502214536,4.341853054788708
Qwen2.5-32B,LC64K,8,HBM_HOST_OFFLOAD,64000,128,32,6,0,0.0,0.0,0.21415355257417143,0.12891253417879617,4.127699502214536,4.341853054788708
Qwen2.5-32B,LC64K,8,HBM_HOST_OFFLOAD,64000,128,32,7,0,0.0,0.0,0.21415355257417143,0.12891253417879617,4.127699502214536,4.341853054788708
Qwen2.5-32B,LC64K,8,HBM_RESIDENT_WAVE,64000,128,32,0,0,0.0,0.0,0.10707677628708571,0.04251087490430415,1.3605164994020544,1.46759327568914
Qwen2.5-32B,LC64K,8,HBM_RESIDENT_WAVE,64000,128,32,1,0,0.0,0.0,0.10707677628708571,0.04251087490430415,1.3605164994020544,1.46759327568914
Qwen2.5-32B,LC64K,8,HBM_RESIDENT_WAVE,64000,128,32,2,0,0.0,0.0,0.10707677628708571,0.04251087490430415,1.3605164994020544,1.46759327568914
Qwen2.5-32B,LC64K,8,HBM_RESIDENT_WAVE,64000,128,32,3,0,0.0,0.0,0.10707677628708571,0.04251087490430415,1.3605164994020544,1.46759327568914
Qwen2.5-32B,LC64K,8,HBM_RESIDENT_WAVE,64000,128,32,4,1,1.46759327568914,0.16118764471345534,0.10707677628708571,0.04251087490430415,1.3605164994020544,3.0963741960917357
Qwen2.5-32B,LC64K,8,HBM_RESIDENT_WAVE,64000,128,32,5,1,1.46759327568914,0.16118764471345534,0.10707677628708571,0.04251087490430415,1.3605164994020544,3.0963741960917357
Qwen2.5-32B,LC64K,8,HBM_RESIDENT_WAVE,64000,128,32,6,1,1.46759327568914,0.16118764471345534,0.10707677628708571,0.04251087490430415,1.3605164994020544,3.0963741960917357
Qwen2.5-32B,LC64K,8,HBM_RESIDENT_WAVE,64000,128,32,7,1,1.46759327568914,0.16118764471345534,0.10707677628708571,0.04251087490430415,1.3605164994020544,3.0963741960917357
Qwen2.5-32B,LC64K,8,HBM_BEST,64000,128,32,0,0,0.0,0.0,0.10707677628708571,0.04251087490430415,1.3605164994020544,1.46759327568914
Qwen2.5-32B,LC64K,8,HBM_BEST,64000,128,32,1,0,0.0,0.0,0.10707677628708571,0.04251087490430415,1.3605164994020544,1.46759327568914
Qwen2.5-32B,LC64K,8,HBM_BEST,64000,128,32,2,0,0.0,0.0,0.10707677628708571,0.04251087490430415,1.3605164994020544,1.46759327568914
Qwen2.5-32B,LC64K,8,HBM_BEST,64000,128,32,3,0,0.0,0.0,0.10707677628708571,0.04251087490430415,1.3605164994020544,1.46759327568914
Qwen2.5-32B,LC64K,8,HBM_BEST,64000,128,32,4,1,1.46759327568914,0.16118764471345534,0.10707677628708571,0.04251087490430415,1.3605164994020544,3.0963741960917357
Qwen2.5-32B,LC64K,8,HBM_BEST,64000,128,32,5,1,1.46759327568914,0.16118764471345534,0.10707677628708571,0.04251087490430415,1.3605164994020544,3.0963741960917357
Qwen2.5-32B,LC64K,8,HBM_BEST,64000,128,32,6,1,1.46759327568914,0.16118764471345534,0.10707677628708571,0.04251087490430415,1.3605164994020544,3.0963741960917357
Qwen2.5-32B,LC64K,8,HBM_BEST,64000,128,32,7,1,1.46759327568914,0.16118764471345534,0.10707677628708571,0.04251087490430415,1.3605164994020544,3.0963741960917357
Qwen2.5-32B,LC64K,8,M3D_GPU,64000,128,32,0,0,0.0,0.0,0.21415355257417143,0.060518412947628504,1.9369042884625478,2.151057841036719
Qwen2.5-32B,LC64K,8,M3D_GPU,64000,128,32,1,0,0.0,0.0,0.21415355257417143,0.060518412947628504,1.9369042884625478,2.151057841036719
Qwen2.5-32B,LC64K,8,M3D_GPU,64000,128,32,2,0,0.0,0.0,0.21415355257417143,0.060518412947628504,1.9369042884625478,2.151057841036719
Qwen2.5-32B,LC64K,8,M3D_GPU,64000,128,32,3,0,0.0,0.0,0.21415355257417143,0.060518412947628504,1.9369042884625478,2.151057841036719
Qwen2.5-32B,LC64K,8,M3D_GPU,64000,128,32,4,0,0.0,0.0,0.21415355257417143,0.060518412947628504,1.9369042884625478,2.151057841036719
Qwen2.5-32B,LC64K,8,M3D_GPU,64000,128,32,5,0,0.0,0.0,0.21415355257417143,0.060518412947628504,1.9369042884625478,2.151057841036719
Qwen2.5-32B,LC64K,8,M3D_GPU,64000,128,32,6,0,0.0,0.0,0.21415355257417143,0.060518412947628504,1.9369042884625478,2.151057841036719
Qwen2.5-32B,LC64K,8,M3D_GPU,64000,128,32,7,0,0.0,0.0,0.21415355257417143,0.060518412947628504,1.9369042884625478,2.151057841036719
Qwen2.5-32B,LC64K,8,M3D_NMP_UNIFORM,64000,128,32,0,0,0.0,0.0,0.21415355257417143,0.02798511222706436,0.8955582962025795,1.109711848776751
Qwen2.5-32B,LC64K,8,M3D_NMP_UNIFORM,64000,128,32,1,0,0.0,0.0,0.21415355257417143,0.02798511222706436,0.8955582962025795,1.109711848776751
Qwen2.5-32B,LC64K,8,M3D_NMP_UNIFORM,64000,128,32,2,0,0.0,0.0,0.21415355257417143,0.02798511222706436,0.8955582962025795,1.109711848776751
Qwen2.5-32B,LC64K,8,M3D_NMP_UNIFORM,64000,128,32,3,0,0.0,0.0,0.21415355257417143,0.02798511222706436,0.8955582962025795,1.109711848776751
Qwen2.5-32B,LC64K,8,M3D_NMP_UNIFORM,64000,128,32,4,0,0.0,0.0,0.21415355257417143,0.02798511222706436,0.8955582962025795,1.109711848776751
Qwen2.5-32B,LC64K,8,M3D_NMP_UNIFORM,64000,128,32,5,0,0.0,0.0,0.21415355257417143,0.02798511222706436,0.8955582962025795,1.109711848776751
Qwen2.5-32B,LC64K,8,M3D_NMP_UNIFORM,64000,128,32,6,0,0.0,0.0,0.21415355257417143,0.02798511222706436,0.8955582962025795,1.109711848776751
Qwen2.5-32B,LC64K,8,M3D_NMP_UNIFORM,64000,128,32,7,0,0.0,0.0,0.21415355257417143,0.02798511222706436,0.8955582962025795,1.109711848776751
Qwen2.5-32B,LC64K,8,M3D_NMP_CPA,64000,128,32,0,0,0.0,0.0,0.21415355257417143,0.02465383579338102,0.7889530828950005,1.003106635469172
Qwen2.5-32B,LC64K,8,M3D_NMP_CPA,64000,128,32,1,0,0.0,0.0,0.21415355257417143,0.02465383579338102,0.7889530828950005,1.003106635469172
Qwen2.5-32B,LC64K,8,M3D_NMP_CPA,64000,128,32,2,0,0.0,0.0,0.21415355257417143,0.02465383579338102,0.7889530828950005,1.003106635469172
Qwen2.5-32B,LC64K,8,M3D_NMP_CPA,64000,128,32,3,0,0.0,0.0,0.21415355257417143,0.02465383579338102,0.7889530828950005,1.003106635469172
Qwen2.5-32B,LC64K,8,M3D_NMP_CPA,64000,128,32,4,0,0.0,0.0,0.21415355257417143,0.02465383579338102,0.7889530828950005,1.003106635469172
Qwen2.5-32B,LC64K,8,M3D_NMP_CPA,64000,128,32,5,0,0.0,0.0,0.21415355257417143,0.02465383579338102,0.7889530828950005,1.003106635469172
Qwen2.5-32B,LC64K,8,M3D_NMP_CPA,64000,128,32,6,0,0.0,0.0,0.21415355257417143,0.02465383579338102,0.7889530828950005,1.003106635469172
Qwen2.5-32B,LC64K,8,M3D_NMP_CPA,64000,128,32,7,0,0.0,0.0,0.21415355257417143,0.02465383579338102,0.7889530828950005,1.003106635469172
Qwen2.5-32B,LC64K,32,HBM_HOST_OFFLOAD,64000,128,32,0,0,0.0,0.0,1.0991914389969737,1.0992123745016094,35.18478961802373,36.2839810570207
Qwen2.5-32B,LC64K,32,HBM_HOST_OFFLOAD,64000,128,32,1,0,0.0,0.0,1.0991914389969737,1.0992123745016094,35.18478961802373,36.2839810570207
Qwen2.5-32B,LC64K,32,HBM_HOST_OFFLOAD,64000,128,32,2,0,0.0,0.0,1.0991914389969737,1.0992123745016094,35.18478961802373,36.2839810570207
Qwen2.5-32B,LC64K,32,HBM_HOST_OFFLOAD,64000,128,32,3,0,0.0,0.0,1.0991914389969737,1.0992123745016094,35.18478961802373,36.2839810570207
Qwen2.5-32B,LC64K,32,HBM_HOST_OFFLOAD,64000,128,32,4,0,0.0,0.0,1.0991914389969737,1.0992123745016094,35.18478961802373,36.2839810570207
Qwen2.5-32B,LC64K,32,HBM_HOST_OFFLOAD,64000,128,32,5,0,0.0,0.0,1.0991914389969737,1.0992123745016094,35.18478961802373,36.2839810570207
Qwen2.5-32B,LC64K,32,HBM_HOST_OFFLOAD,64000,128,32,6,0,0.0,0.0,1.0991914389969737,1.0992123745016094,35.18478961802373,36.2839810570207
Qwen2.5-32B,LC64K,32,HBM_HOST_OFFLOAD,64000,128,32,7,0,0.0,0.0,1.0991914389969737,1.0992123745016094,35.18478961802373,36.2839810570207
Qwen2.5-32B,LC64K,32,HBM_HOST_OFFLOAD,64000,128,32,8,0,0.0,0.0,1.0991914389969737,1.0992123745016094,35.18478961802373,36.2839810570207
Qwen2.5-32B,LC64K,32,HBM_HOST_OFFLOAD,64000,128,32,9,0,0.0,0.0,1.0991914389969737,1.0992123745016094,35.18478961802373,36.2839810570207
Qwen2.5-32B,LC64K,32,HBM_HOST_OFFLOAD,64000,128,32,10,0,0.0,0.0,1.0991914389969737,1.0992123745016094,35.18478961802373,36.2839810570207
Qwen2.5-32B,LC64K,32,HBM_HOST_OFFLOAD,64000,128,32,11,0,0.0,0.0,1.0991914389969737,1.0992123745016094,35.18478961802373,36.2839810570207
Qwen2.5-32B,LC64K,32,HBM_HOST_OFFLOAD,64000,128,32,12,0,0.0,0.0,1.0991914389969737,1.0992123745016094,35.18478961802373,36.2839810570207
Qwen2.5-32B,LC64K,32,HBM_HOST_OFFLOAD,64000,128,32,13,0,0.0,0.0,1.0991914389969737,1.0992123745016094,35.18478961802373,36.2839810570207
Qwen2.5-32B,LC64K,32,HBM_HOST_OFFLOAD,64000,128,32,14,0,0.0,0.0,1.0991914389969737,1.0992123745016094,35.18478961802373,36.2839810570207
Qwen2.5-32B,LC64K,32,HBM_HOST_OFFLOAD,64000,128,32,15,0,0.0,0.0,1.0991914389969737,1.0992123745016094,35.18478961802373,36.2839810570207
Qwen2.5-32B,LC64K,32,HBM_HOST_OFFLOAD,64000,128,32,16,0,0.0,0.0,1.0991914389969737,1.0992123745016094,35.18478961802373,36.2839810570207
Qwen2.5-32B,LC64K,32,HBM_HOST_OFFLOAD,64000,128,32,17,0,0.0,0.0,1.0991914389969737,1.0992123745016094,35.18478961802373,36.2839810570207
Qwen2.5-32B,LC64K,32,HBM_HOST_OFFLOAD,64000,128,32,18,0,0.0,0.0,1.0991914389969737,1.0992123745016094,35.18478961802373,36.2839810570207
Qwen2.5-32B,LC64K,32,HBM_HOST_OFFLOAD,64000,128,32,19,0,0.0,0.0,1.0991914389969737,1.0992123745016094,35.18478961802373,36.2839810570207
Qwen2.5-32B,LC64K,32,HBM_HOST_OFFLOAD,64000,128,32,20,0,0.0,0.0,1.0991914389969737,1.0992123745016094,35.18478961802373,36.2839810570207
Qwen2.5-32B,LC64K,32,HBM_HOST_OFFLOAD,64000,128,32,21,0,0.0,0.0,1.0991914389969737,1.0992123745016094,35.18478961802373,36.2839810570207
Qwen2.5-32B,LC64K,32,HBM_HOST_OFFLOAD,64000,128,32,22,0,0.0,0.0,1.0991914389969737,1.0992123745016094,35.18478961802373,36.2839810570207
Qwen2.5-32B,LC64K,32,HBM_HOST_OFFLOAD,64000,128,32,23,0,0.0,0.0,1.0991914389969737,1.0992123745016094,35.18478961802373,36.2839810570207
Qwen2.5-32B,LC64K,32,HBM_HOST_OFFLOAD,64000,128,32,24,0,0.0,0.0,1.0991914389969737,1.0992123745016094,35.18478961802373,36.2839810570207
Qwen2.5-32B,LC64K,32,HBM_HOST_OFFLOAD,64000,128,32,25,0,0.0,0.0,1.0991914389969737,1.0992123745016094,35.18478961802373,36.2839810570207
Qwen2.5-32B,LC64K,32,HBM_HOST_OFFLOAD,64000,128,32,26,0,0.0,0.0,1.0991914389969737,1.0992123745016094,35.18478961802373,36.2839810570207
Qwen2.5-32B,LC64K,32,HBM_HOST_OFFLOAD,64000,128,32,27,0,0.0,0.0,1.0991914389969737,1.0992123745016094,35.18478961802373,36.2839810570207
Qwen2.5-32B,LC64K,32,HBM_HOST_OFFLOAD,64000,128,32,28,0,0.0,0.0,1.0991914389969737,1.0992123745016094,35.18478961802373,36.2839810570207
Qwen2.5-32B,LC64K,32,HBM_HOST_OFFLOAD,64000,128,32,29,0,0.0,0.0,1.0991914389969737,1.0992123745016094,35.18478961802373,36.2839810570207
Qwen2.5-32B,LC64K,32,HBM_HOST_OFFLOAD,64000,128,32,30,0,0.0,0.0,1.0991914389969737,1.0992123745016094,35.18478961802373,36.2839810570207
Qwen2.5-32B,LC64K,32,HBM_HOST_OFFLOAD,64000,128,32,31,0,0.0,0.0,1.0991914389969737,1.0992123745016094,35.18478961802373,36.2839810570207
Qwen2.5-32B,LC64K,32,HBM_RESIDENT_WAVE,64000,128,32,0,0,0.0,0.0,0.10707677628708571,0.04251087490430415,1.3605164994020544,1.46759327568914
Qwen2.5-32B,LC64K,32,HBM_RESIDENT_WAVE,64000,128,32,1,0,0.0,0.0,0.10707677628708571,0.04251087490430415,1.3605164994020544,1.46759327568914
Qwen2.5-32B,LC64K,32,HBM_RESIDENT_WAVE,64000,128,32,2,0,0.0,0.0,0.10707677628708571,0.04251087490430415,1.3605164994020544,1.46759327568914
Qwen2.5-32B,LC64K,32,HBM_RESIDENT_WAVE,64000,128,32,3,0,0.0,0.0,0.10707677628708571,0.04251087490430415,1.3605164994020544,1.46759327568914
Qwen2.5-32B,LC64K,32,HBM_RESIDENT_WAVE,64000,128,32,4,1,1.46759327568914,0.16118764471345534,0.10707677628708571,0.04251087490430415,1.3605164994020544,3.0963741960917357
Qwen2.5-32B,LC64K,32,HBM_RESIDENT_WAVE,64000,128,32,5,1,1.46759327568914,0.16118764471345534,0.10707677628708571,0.04251087490430415,1.3605164994020544,3.0963741960917357
Qwen2.5-32B,LC64K,32,HBM_RESIDENT_WAVE,64000,128,32,6,1,1.46759327568914,0.16118764471345534,0.10707677628708571,0.04251087490430415,1.3605164994020544,3.0963741960917357
Qwen2.5-32B,LC64K,32,HBM_RESIDENT_WAVE,64000,128,32,7,1,1.46759327568914,0.16118764471345534,0.10707677628708571,0.04251087490430415,1.3605164994020544,3.0963741960917357
Qwen2.5-32B,LC64K,32,HBM_RESIDENT_WAVE,64000,128,32,8,2,3.0963741960917357,0.16118764471345534,0.10707677628708571,0.04251087490430415,1.3605164994020544,4.7251551164943315
Qwen2.5-32B,LC64K,32,HBM_RESIDENT_WAVE,64000,128,32,9,2,3.0963741960917357,0.16118764471345534,0.10707677628708571,0.04251087490430415,1.3605164994020544,4.7251551164943315
Qwen2.5-32B,LC64K,32,HBM_RESIDENT_WAVE,64000,128,32,10,2,3.0963741960917357,0.16118764471345534,0.10707677628708571,0.04251087490430415,1.3605164994020544,4.7251551164943315
Qwen2.5-32B,LC64K,32,HBM_RESIDENT_WAVE,64000,128,32,11,2,3.0963741960917357,0.16118764471345534,0.10707677628708571,0.04251087490430415,1.3605164994020544,4.7251551164943315
Qwen2.5-32B,LC64K,32,HBM_RESIDENT_WAVE,64000,128,32,12,3,4.7251551164943315,0.16118764471345534,0.10707677628708571,0.04251087490430415,1.3605164994020544,6.353936036896926
Qwen2.5-32B,LC64K,32,HBM_RESIDENT_WAVE,64000,128,32,13,3,4.7251551164943315,0.16118764471345534,0.10707677628708571,0.04251087490430415,1.3605164994020544,6.353936036896926
Qwen2.5-32B,LC64K,32,HBM_RESIDENT_WAVE,64000,128,32,14,3,4.7251551164943315,0.16118764471345534,0.10707677628708571,0.04251087490430415,1.3605164994020544,6.353936036896926
Qwen2.5-32B,LC64K,32,HBM_RESIDENT_WAVE,64000,128,32,15,3,4.7251551164943315,0.16118764471345534,0.10707677628708571,0.04251087490430415,1.3605164994020544,6.353936036896926
Qwen2.5-32B,LC64K,32,HBM_RESIDENT_WAVE,64000,128,32,16,4,6.353936036896926,0.16118764471345534,0.10707677628708571,0.04251087490430415,1.3605164994020544,7.982716957299521
Qwen2.5-32B,LC64K,32,HBM_RESIDENT_WAVE,64000,128,32,17,4,6.353936036896926,0.16118764471345534,0.10707677628708571,0.04251087490430415,1.3605164994020544,7.982716957299521
Qwen2.5-32B,LC64K,32,HBM_RESIDENT_WAVE,64000,128,32,18,4,6.353936036896926,0.16118764471345534,0.10707677628708571,0.04251087490430415,1.3605164994020544,7.982716957299521
Qwen2.5-32B,LC64K,32,HBM_RESIDENT_WAVE,64000,128,32,19,4,6.353936036896926,0.16118764471345534,0.10707677628708571,0.04251087490430415,1.3605164994020544,7.982716957299521
Qwen2.5-32B,LC64K,32,HBM_RESIDENT_WAVE,64000,128,32,20,5,7.982716957299521,0.16118764471345534,0.10707677628708571,0.04251087490430415,1.3605164994020544,9.611497877702117
Qwen2.5-32B,LC64K,32,HBM_RESIDENT_WAVE,64000,128,32,21,5,7.982716957299521,0.16118764471345534,0.10707677628708571,0.04251087490430415,1.3605164994020544,9.611497877702117
Qwen2.5-32B,LC64K,32,HBM_RESIDENT_WAVE,64000,128,32,22,5,7.982716957299521,0.16118764471345534,0.10707677628708571,0.04251087490430415,1.3605164994020544,9.611497877702117
Qwen2.5-32B,LC64K,32,HBM_RESIDENT_WAVE,64000,128,32,23,5,7.982716957299521,0.16118764471345534,0.10707677628708571,0.04251087490430415,1.3605164994020544,9.611497877702117
Qwen2.5-32B,LC64K,32,HBM_RESIDENT_WAVE,64000,128,32,24,6,9.611497877702117,0.16118764471345534,0.10707677628708571,0.04251087490430415,1.3605164994020544,11.240278798104713
Qwen2.5-32B,LC64K,32,HBM_RESIDENT_WAVE,64000,128,32,25,6,9.611497877702117,0.16118764471345534,0.10707677628708571,0.04251087490430415,1.3605164994020544,11.240278798104713
Qwen2.5-32B,LC64K,32,HBM_RESIDENT_WAVE,64000,128,32,26,6,9.611497877702117,0.16118764471345534,0.10707677628708571,0.04251087490430415,1.3605164994020544,11.240278798104713
Qwen2.5-32B,LC64K,32,HBM_RESIDENT_WAVE,64000,128,32,27,6,9.611497877702117,0.16118764471345534,0.10707677628708571,0.04251087490430415,1.3605164994020544,11.240278798104713
Qwen2.5-32B,LC64K,32,HBM_RESIDENT_WAVE,64000,128,32,28,7,11.240278798104713,0.16118764471345534,0.10707677628708571,0.04251087490430415,1.3605164994020544,12.869059718507309
Qwen2.5-32B,LC64K,32,HBM_RESIDENT_WAVE,64000,128,32,29,7,11.240278798104713,0.16118764471345534,0.10707677628708571,0.04251087490430415,1.3605164994020544,12.869059718507309
Qwen2.5-32B,LC64K,32,HBM_RESIDENT_WAVE,64000,128,32,30,7,11.240278798104713,0.16118764471345534,0.10707677628708571,0.04251087490430415,1.3605164994020544,12.869059718507309
Qwen2.5-32B,LC64K,32,HBM_RESIDENT_WAVE,64000,128,32,31,7,11.240278798104713,0.16118764471345534,0.10707677628708571,0.04251087490430415,1.3605164994020544,12.869059718507309
Qwen2.5-32B,LC64K,32,HBM_BEST,64000,128,32,0,0,0.0,0.0,0.10707677628708571,0.04251087490430415,1.3605164994020544,1.46759327568914
Qwen2.5-32B,LC64K,32,HBM_BEST,64000,128,32,1,0,0.0,0.0,0.10707677628708571,0.04251087490430415,1.3605164994020544,1.46759327568914
Qwen2.5-32B,LC64K,32,HBM_BEST,64000,128,32,2,0,0.0,0.0,0.10707677628708571,0.04251087490430415,1.3605164994020544,1.46759327568914
Qwen2.5-32B,LC64K,32,HBM_BEST,64000,128,32,3,0,0.0,0.0,0.10707677628708571,0.04251087490430415,1.3605164994020544,1.46759327568914
Qwen2.5-32B,LC64K,32,HBM_BEST,64000,128,32,4,1,1.46759327568914,0.16118764471345534,0.10707677628708571,0.04251087490430415,1.3605164994020544,3.0963741960917357
Qwen2.5-32B,LC64K,32,HBM_BEST,64000,128,32,5,1,1.46759327568914,0.16118764471345534,0.10707677628708571,0.04251087490430415,1.3605164994020544,3.0963741960917357
Qwen2.5-32B,LC64K,32,HBM_BEST,64000,128,32,6,1,1.46759327568914,0.16118764471345534,0.10707677628708571,0.04251087490430415,1.3605164994020544,3.0963741960917357
Qwen2.5-32B,LC64K,32,HBM_BEST,64000,128,32,7,1,1.46759327568914,0.16118764471345534,0.10707677628708571,0.04251087490430415,1.3605164994020544,3.0963741960917357
Qwen2.5-32B,LC64K,32,HBM_BEST,64000,128,32,8,2,3.0963741960917357,0.16118764471345534,0.10707677628708571,0.04251087490430415,1.3605164994020544,4.7251551164943315
Qwen2.5-32B,LC64K,32,HBM_BEST,64000,128,32,9,2,3.0963741960917357,0.16118764471345534,0.10707677628708571,0.04251087490430415,1.3605164994020544,4.7251551164943315
Qwen2.5-32B,LC64K,32,HBM_BEST,64000,128,32,10,2,3.0963741960917357,0.16118764471345534,0.10707677628708571,0.04251087490430415,1.3605164994020544,4.7251551164943315
Qwen2.5-32B,LC64K,32,HBM_BEST,64000,128,32,11,2,3.0963741960917357,0.16118764471345534,0.10707677628708571,0.04251087490430415,1.3605164994020544,4.7251551164943315
Qwen2.5-32B,LC64K,32,HBM_BEST,64000,128,32,12,3,4.7251551164943315,0.16118764471345534,0.10707677628708571,0.04251087490430415,1.3605164994020544,6.353936036896926
Qwen2.5-32B,LC64K,32,HBM_BEST,64000,128,32,13,3,4.7251551164943315,0.16118764471345534,0.10707677628708571,0.04251087490430415,1.3605164994020544,6.353936036896926
Qwen2.5-32B,LC64K,32,HBM_BEST,64000,128,32,14,3,4.7251551164943315,0.16118764471345534,0.10707677628708571,0.04251087490430415,1.3605164994020544,6.353936036896926
Qwen2.5-32B,LC64K,32,HBM_BEST,64000,128,32,15,3,4.7251551164943315,0.16118764471345534,0.10707677628708571,0.04251087490430415,1.3605164994020544,6.353936036896926
Qwen2.5-32B,LC64K,32,HBM_BEST,64000,128,32,16,4,6.353936036896926,0.16118764471345534,0.10707677628708571,0.04251087490430415,1.3605164994020544,7.982716957299521
Qwen2.5-32B,LC64K,32,HBM_BEST,64000,128,32,17,4,6.353936036896926,0.16118764471345534,0.10707677628708571,0.04251087490430415,1.3605164994020544,7.982716957299521
Qwen2.5-32B,LC64K,32,HBM_BEST,64000,128,32,18,4,6.353936036896926,0.16118764471345534,0.10707677628708571,0.04251087490430415,1.3605164994020544,7.982716957299521
Qwen2.5-32B,LC64K,32,HBM_BEST,64000,128,32,19,4,6.353936036896926,0.16118764471345534,0.10707677628708571,0.04251087490430415,1.3605164994020544,7.982716957299521
Qwen2.5-32B,LC64K,32,HBM_BEST,64000,128,32,20,5,7.982716957299521,0.16118764471345534,0.10707677628708571,0.04251087490430415,1.3605164994020544,9.611497877702117
Qwen2.5-32B,LC64K,32,HBM_BEST,64000,128,32,21,5,7.982716957299521,0.16118764471345534,0.10707677628708571,0.04251087490430415,1.3605164994020544,9.611497877702117
Qwen2.5-32B,LC64K,32,HBM_BEST,64000,128,32,22,5,7.982716957299521,0.16118764471345534,0.10707677628708571,0.04251087490430415,1.3605164994020544,9.611497877702117
Qwen2.5-32B,LC64K,32,HBM_BEST,64000,128,32,23,5,7.982716957299521,0.16118764471345534,0.10707677628708571,0.04251087490430415,1.3605164994020544,9.611497877702117
Qwen2.5-32B,LC64K,32,HBM_BEST,64000,128,32,24,6,9.611497877702117,0.16118764471345534,0.10707677628708571,0.04251087490430415,1.3605164994020544,11.240278798104713
Qwen2.5-32B,LC64K,32,HBM_BEST,64000,128,32,25,6,9.611497877702117,0.16118764471345534,0.10707677628708571,0.04251087490430415,1.3605164994020544,11.240278798104713
Qwen2.5-32B,LC64K,32,HBM_BEST,64000,128,32,26,6,9.611497877702117,0.16118764471345534,0.10707677628708571,0.04251087490430415,1.3605164994020544,11.240278798104713
Qwen2.5-32B,LC64K,32,HBM_BEST,64000,128,32,27,6,9.611497877702117,0.16118764471345534,0.10707677628708571,0.04251087490430415,1.3605164994020544,11.240278798104713
Qwen2.5-32B,LC64K,32,HBM_BEST,64000,128,32,28,7,11.240278798104713,0.16118764471345534,0.10707677628708571,0.04251087490430415,1.3605164994020544,12.869059718507309
Qwen2.5-32B,LC64K,32,HBM_BEST,64000,128,32,29,7,11.240278798104713,0.16118764471345534,0.10707677628708571,0.04251087490430415,1.3605164994020544,12.869059718507309
Qwen2.5-32B,LC64K,32,HBM_BEST,64000,128,32,30,7,11.240278798104713,0.16118764471345534,0.10707677628708571,0.04251087490430415,1.3605164994020544,12.869059718507309
Qwen2.5-32B,LC64K,32,HBM_BEST,64000,128,32,31,7,11.240278798104713,0.16118764471345534,0.10707677628708571,0.04251087490430415,1.3605164994020544,12.869059718507309
Qwen2.5-32B,LC64K,32,M3D_GPU,64000,128,32,0,0,0.0,0.0,0.8566142102966857,0.18271497240828458,5.848138538428179,6.704752748724864
Qwen2.5-32B,LC64K,32,M3D_GPU,64000,128,32,1,0,0.0,0.0,0.8566142102966857,0.18271497240828458,5.848138538428179,6.704752748724864
Qwen2.5-32B,LC64K,32,M3D_GPU,64000,128,32,2,0,0.0,0.0,0.8566142102966857,0.18271497240828458,5.848138538428179,6.704752748724864
Qwen2.5-32B,LC64K,32,M3D_GPU,64000,128,32,3,0,0.0,0.0,0.8566142102966857,0.18271497240828458,5.848138538428179,6.704752748724864
Qwen2.5-32B,LC64K,32,M3D_GPU,64000,128,32,4,0,0.0,0.0,0.8566142102966857,0.18271497240828458,5.848138538428179,6.704752748724864
Qwen2.5-32B,LC64K,32,M3D_GPU,64000,128,32,5,0,0.0,0.0,0.8566142102966857,0.18271497240828458,5.848138538428179,6.704752748724864
Qwen2.5-32B,LC64K,32,M3D_GPU,64000,128,32,6,0,0.0,0.0,0.8566142102966857,0.18271497240828458,5.848138538428179,6.704752748724864
Qwen2.5-32B,LC64K,32,M3D_GPU,64000,128,32,7,0,0.0,0.0,0.8566142102966857,0.18271497240828458,5.848138538428179,6.704752748724864
Qwen2.5-32B,LC64K,32,M3D_GPU,64000,128,32,8,0,0.0,0.0,0.8566142102966857,0.18271497240828458,5.848138538428179,6.704752748724864
Qwen2.5-32B,LC64K,32,M3D_GPU,64000,128,32,9,0,0.0,0.0,0.8566142102966857,0.18271497240828458,5.848138538428179,6.704752748724864
Qwen2.5-32B,LC64K,32,M3D_GPU,64000,128,32,10,0,0.0,0.0,0.8566142102966857,0.18271497240828458,5.848138538428179,6.704752748724864
Qwen2.5-32B,LC64K,32,M3D_GPU,64000,128,32,11,0,0.0,0.0,0.8566142102966857,0.18271497240828458,5.848138538428179,6.704752748724864
Qwen2.5-32B,LC64K,32,M3D_GPU,64000,128,32,12,0,0.0,0.0,0.8566142102966857,0.18271497240828458,5.848138538428179,6.704752748724864
Qwen2.5-32B,LC64K,32,M3D_GPU,64000,128,32,13,0,0.0,0.0,0.8566142102966857,0.18271497240828458,5.848138538428179,6.704752748724864
Qwen2.5-32B,LC64K,32,M3D_GPU,64000,128,32,14,0,0.0,0.0,0.8566142102966857,0.18271497240828458,5.848138538428179,6.704752748724864
Qwen2.5-32B,LC64K,32,M3D_GPU,64000,128,32,15,0,0.0,0.0,0.8566142102966857,0.18271497240828458,5.848138538428179,6.704752748724864
Qwen2.5-32B,LC64K,32,M3D_GPU,64000,128,32,16,0,0.0,0.0,0.8566142102966857,0.18271497240828458,5.848138538428179,6.704752748724864
Qwen2.5-32B,LC64K,32,M3D_GPU,64000,128,32,17,0,0.0,0.0,0.8566142102966857,0.18271497240828458,5.848138538428179,6.704752748724864
Qwen2.5-32B,LC64K,32,M3D_GPU,64000,128,32,18,0,0.0,0.0,0.8566142102966857,0.18271497240828458,5.848138538428179,6.704752748724864
Qwen2.5-32B,LC64K,32,M3D_GPU,64000,128,32,19,0,0.0,0.0,0.8566142102966857,0.18271497240828458,5.848138538428179,6.704752748724864
Qwen2.5-32B,LC64K,32,M3D_GPU,64000,128,32,20,0,0.0,0.0,0.8566142102966857,0.18271497240828458,5.848138538428179,6.704752748724864
Qwen2.5-32B,LC64K,32,M3D_GPU,64000,128,32,21,0,0.0,0.0,0.8566142102966857,0.18271497240828458,5.848138538428179,6.704752748724864
Qwen2.5-32B,LC64K,32,M3D_GPU,64000,128,32,22,0,0.0,0.0,0.8566142102966857,0.18271497240828458,5.848138538428179,6.704752748724864
Qwen2.5-32B,LC64K,32,M3D_GPU,64000,128,32,23,0,0.0,0.0,0.8566142102966857,0.18271497240828458,5.848138538428179,6.704752748724864
Qwen2.5-32B,LC64K,32,M3D_GPU,64000,128,32,24,0,0.0,0.0,0.8566142102966857,0.18271497240828458,5.848138538428179,6.704752748724864
Qwen2.5-32B,LC64K,32,M3D_GPU,64000,128,32,25,0,0.0,0.0,0.8566142102966857,0.18271497240828458,5.848138538428179,6.704752748724864
Qwen2.5-32B,LC64K,32,M3D_GPU,64000,128,32,26,0,0.0,0.0,0.8566142102966857,0.18271497240828458,5.848138538428179,6.704752748724864
Qwen2.5-32B,LC64K,32,M3D_GPU,64000,128,32,27,0,0.0,0.0,0.8566142102966857,0.18271497240828458,5.848138538428179,6.704752748724864
Qwen2.5-32B,LC64K,32,M3D_GPU,64000,128,32,28,0,0.0,0.0,0.8566142102966857,0.18271497240828458,5.848138538428179,6.704752748724864
Qwen2.5-32B,LC64K,32,M3D_GPU,64000,128,32,29,0,0.0,0.0,0.8566142102966857,0.18271497240828458,5.848138538428179,6.704752748724864
Qwen2.5-32B,LC64K,32,M3D_GPU,64000,128,32,30,0,0.0,0.0,0.8566142102966857,0.18271497240828458,5.848138538428179,6.704752748724864
Qwen2.5-32B,LC64K,32,M3D_GPU,64000,128,32,31,0,0.0,0.0,0.8566142102966857,0.18271497240828458,5.848138538428179,6.704752748724864
Qwen2.5-32B,LC64K,32,M3D_NMP_UNIFORM,64000,128,32,0,0,0.0,0.0,0.8566142102966857,0.10805970637783752,3.458039415586884,4.31465362588357
Qwen2.5-32B,LC64K,32,M3D_NMP_UNIFORM,64000,128,32,1,0,0.0,0.0,0.8566142102966857,0.10805970637783752,3.458039415586884,4.31465362588357
Qwen2.5-32B,LC64K,32,M3D_NMP_UNIFORM,64000,128,32,2,0,0.0,0.0,0.8566142102966857,0.10805970637783752,3.458039415586884,4.31465362588357
Qwen2.5-32B,LC64K,32,M3D_NMP_UNIFORM,64000,128,32,3,0,0.0,0.0,0.8566142102966857,0.10805970637783752,3.458039415586884,4.31465362588357
Qwen2.5-32B,LC64K,32,M3D_NMP_UNIFORM,64000,128,32,4,0,0.0,0.0,0.8566142102966857,0.10805970637783752,3.458039415586884,4.31465362588357
Qwen2.5-32B,LC64K,32,M3D_NMP_UNIFORM,64000,128,32,5,0,0.0,0.0,0.8566142102966857,0.10805970637783752,3.458039415586884,4.31465362588357
Qwen2.5-32B,LC64K,32,M3D_NMP_UNIFORM,64000,128,32,6,0,0.0,0.0,0.8566142102966857,0.10805970637783752,3.458039415586884,4.31465362588357
Qwen2.5-32B,LC64K,32,M3D_NMP_UNIFORM,64000,128,32,7,0,0.0,0.0,0.8566142102966857,0.10805970637783752,3.458039415586884,4.31465362588357
Qwen2.5-32B,LC64K,32,M3D_NMP_UNIFORM,64000,128,32,8,0,0.0,0.0,0.8566142102966857,0.10805970637783752,3.458039415586884,4.31465362588357
Qwen2.5-32B,LC64K,32,M3D_NMP_UNIFORM,64000,128,32,9,0,0.0,0.0,0.8566142102966857,0.10805970637783752,3.458039415586884,4.31465362588357
Qwen2.5-32B,LC64K,32,M3D_NMP_UNIFORM,64000,128,32,10,0,0.0,0.0,0.8566142102966857,0.10805970637783752,3.458039415586884,4.31465362588357
Qwen2.5-32B,LC64K,32,M3D_NMP_UNIFORM,64000,128,32,11,0,0.0,0.0,0.8566142102966857,0.10805970637783752,3.458039415586884,4.31465362588357
Qwen2.5-32B,LC64K,32,M3D_NMP_UNIFORM,64000,128,32,12,0,0.0,0.0,0.8566142102966857,0.10805970637783752,3.458039415586884,4.31465362588357
Qwen2.5-32B,LC64K,32,M3D_NMP_UNIFORM,64000,128,32,13,0,0.0,0.0,0.8566142102966857,0.10805970637783752,3.458039415586884,4.31465362588357
Qwen2.5-32B,LC64K,32,M3D_NMP_UNIFORM,64000,128,32,14,0,0.0,0.0,0.8566142102966857,0.10805970637783752,3.458039415586884,4.31465362588357
Qwen2.5-32B,LC64K,32,M3D_NMP_UNIFORM,64000,128,32,15,0,0.0,0.0,0.8566142102966857,0.10805970637783752,3.458039415586884,4.31465362588357
Qwen2.5-32B,LC64K,32,M3D_NMP_UNIFORM,64000,128,32,16,0,0.0,0.0,0.8566142102966857,0.10805970637783752,3.458039415586884,4.31465362588357
Qwen2.5-32B,LC64K,32,M3D_NMP_UNIFORM,64000,128,32,17,0,0.0,0.0,0.8566142102966857,0.10805970637783752,3.458039415586884,4.31465362588357
Qwen2.5-32B,LC64K,32,M3D_NMP_UNIFORM,64000,128,32,18,0,0.0,0.0,0.8566142102966857,0.10805970637783752,3.458039415586884,4.31465362588357
Qwen2.5-32B,LC64K,32,M3D_NMP_UNIFORM,64000,128,32,19,0,0.0,0.0,0.8566142102966857,0.10805970637783752,3.458039415586884,4.31465362588357
Qwen2.5-32B,LC64K,32,M3D_NMP_UNIFORM,64000,128,32,20,0,0.0,0.0,0.8566142102966857,0.10805970637783752,3.458039415586884,4.31465362588357
Qwen2.5-32B,LC64K,32,M3D_NMP_UNIFORM,64000,128,32,21,0,0.0,0.0,0.8566142102966857,0.10805970637783752,3.458039415586884,4.31465362588357
Qwen2.5-32B,LC64K,32,M3D_NMP_UNIFORM,64000,128,32,22,0,0.0,0.0,0.8566142102966857,0.10805970637783752,3.458039415586884,4.31465362588357
Qwen2.5-32B,LC64K,32,M3D_NMP_UNIFORM,64000,128,32,23,0,0.0,0.0,0.8566142102966857,0.10805970637783752,3.458039415586884,4.31465362588357
Qwen2.5-32B,LC64K,32,M3D_NMP_UNIFORM,64000,128,32,24,0,0.0,0.0,0.8566142102966857,0.10805970637783752,3.458039415586884,4.31465362588357
Qwen2.5-32B,LC64K,32,M3D_NMP_UNIFORM,64000,128,32,25,0,0.0,0.0,0.8566142102966857,0.10805970637783752,3.458039415586884,4.31465362588357
Qwen2.5-32B,LC64K,32,M3D_NMP_UNIFORM,64000,128,32,26,0,0.0,0.0,0.8566142102966857,0.10805970637783752,3.458039415586884,4.31465362588357
Qwen2.5-32B,LC64K,32,M3D_NMP_UNIFORM,64000,128,32,27,0,0.0,0.0,0.8566142102966857,0.10805970637783752,3.458039415586884,4.31465362588357
Qwen2.5-32B,LC64K,32,M3D_NMP_UNIFORM,64000,128,32,28,0,0.0,0.0,0.8566142102966857,0.10805970637783752,3.458039415586884,4.31465362588357
Qwen2.5-32B,LC64K,32,M3D_NMP_UNIFORM,64000,128,32,29,0,0.0,0.0,0.8566142102966857,0.10805970637783752,3.458039415586884,4.31465362588357
Qwen2.5-32B,LC64K,32,M3D_NMP_UNIFORM,64000,128,32,30,0,0.0,0.0,0.8566142102966857,0.10805970637783752,3.458039415586884,4.31465362588357
Qwen2.5-32B,LC64K,32,M3D_NMP_UNIFORM,64000,128,32,31,0,0.0,0.0,0.8566142102966857,0.10805970637783752,3.458039415586884,4.31465362588357
Qwen2.5-32B,LC64K,32,M3D_NMP_CPA,64000,128,32,0,0,0.0,0.0,0.8566142102966857,0.09633339234131207,3.0828358586999336,3.9394500689966194
Qwen2.5-32B,LC64K,32,M3D_NMP_CPA,64000,128,32,1,0,0.0,0.0,0.8566142102966857,0.09633339234131207,3.0828358586999336,3.9394500689966194
Qwen2.5-32B,LC64K,32,M3D_NMP_CPA,64000,128,32,2,0,0.0,0.0,0.8566142102966857,0.09633339234131207,3.0828358586999336,3.9394500689966194
Qwen2.5-32B,LC64K,32,M3D_NMP_CPA,64000,128,32,3,0,0.0,0.0,0.8566142102966857,0.09633339234131207,3.0828358586999336,3.9394500689966194
Qwen2.5-32B,LC64K,32,M3D_NMP_CPA,64000,128,32,4,0,0.0,0.0,0.8566142102966857,0.09633339234131207,3.0828358586999336,3.9394500689966194
Qwen2.5-32B,LC64K,32,M3D_NMP_CPA,64000,128,32,5,0,0.0,0.0,0.8566142102966857,0.09633339234131207,3.0828358586999336,3.9394500689966194
Qwen2.5-32B,LC64K,32,M3D_NMP_CPA,64000,128,32,6,0,0.0,0.0,0.8566142102966857,0.09633339234131207,3.0828358586999336,3.9394500689966194
Qwen2.5-32B,LC64K,32,M3D_NMP_CPA,64000,128,32,7,0,0.0,0.0,0.8566142102966857,0.09633339234131207,3.0828358586999336,3.9394500689966194
Qwen2.5-32B,LC64K,32,M3D_NMP_CPA,64000,128,32,8,0,0.0,0.0,0.8566142102966857,0.09633339234131207,3.0828358586999336,3.9394500689966194
Qwen2.5-32B,LC64K,32,M3D_NMP_CPA,64000,128,32,9,0,0.0,0.0,0.8566142102966857,0.09633339234131207,3.0828358586999336,3.9394500689966194
Qwen2.5-32B,LC64K,32,M3D_NMP_CPA,64000,128,32,10,0,0.0,0.0,0.8566142102966857,0.09633339234131207,3.0828358586999336,3.9394500689966194
Qwen2.5-32B,LC64K,32,M3D_NMP_CPA,64000,128,32,11,0,0.0,0.0,0.8566142102966857,0.09633339234131207,3.0828358586999336,3.9394500689966194
Qwen2.5-32B,LC64K,32,M3D_NMP_CPA,64000,128,32,12,0,0.0,0.0,0.8566142102966857,0.09633339234131207,3.0828358586999336,3.9394500689966194
Qwen2.5-32B,LC64K,32,M3D_NMP_CPA,64000,128,32,13,0,0.0,0.0,0.8566142102966857,0.09633339234131207,3.0828358586999336,3.9394500689966194
Qwen2.5-32B,LC64K,32,M3D_NMP_CPA,64000,128,32,14,0,0.0,0.0,0.8566142102966857,0.09633339234131207,3.0828358586999336,3.9394500689966194
Qwen2.5-32B,LC64K,32,M3D_NMP_CPA,64000,128,32,15,0,0.0,0.0,0.8566142102966857,0.09633339234131207,3.0828358586999336,3.9394500689966194
Qwen2.5-32B,LC64K,32,M3D_NMP_CPA,64000,128,32,16,0,0.0,0.0,0.8566142102966857,0.09633339234131207,3.0828358586999336,3.9394500689966194
Qwen2.5-32B,LC64K,32,M3D_NMP_CPA,64000,128,32,17,0,0.0,0.0,0.8566142102966857,0.09633339234131207,3.0828358586999336,3.9394500689966194
Qwen2.5-32B,LC64K,32,M3D_NMP_CPA,64000,128,32,18,0,0.0,0.0,0.8566142102966857,0.09633339234131207,3.0828358586999336,3.9394500689966194
Qwen2.5-32B,LC64K,32,M3D_NMP_CPA,64000,128,32,19,0,0.0,0.0,0.8566142102966857,0.09633339234131207,3.0828358586999336,3.9394500689966194
Qwen2.5-32B,LC64K,32,M3D_NMP_CPA,64000,128,32,20,0,0.0,0.0,0.8566142102966857,0.09633339234131207,3.0828358586999336,3.9394500689966194
Qwen2.5-32B,LC64K,32,M3D_NMP_CPA,64000,128,32,21,0,0.0,0.0,0.8566142102966857,0.09633339234131207,3.0828358586999336,3.9394500689966194
Qwen2.5-32B,LC64K,32,M3D_NMP_CPA,64000,128,32,22,0,0.0,0.0,0.8566142102966857,0.09633339234131207,3.0828358586999336,3.9394500689966194
Qwen2.5-32B,LC64K,32,M3D_NMP_CPA,64000,128,32,23,0,0.0,0.0,0.8566142102966857,0.09633339234131207,3.0828358586999336,3.9394500689966194
Qwen2.5-32B,LC64K,32,M3D_NMP_CPA,64000,128,32,24,0,0.0,0.0,0.8566142102966857,0.09633339234131207,3.0828358586999336,3.9394500689966194
Qwen2.5-32B,LC64K,32,M3D_NMP_CPA,64000,128,32,25,0,0.0,0.0,0.8566142102966857,0.09633339234131207,3.0828358586999336,3.9394500689966194
Qwen2.5-32B,LC64K,32,M3D_NMP_CPA,64000,128,32,26,0,0.0,0.0,0.8566142102966857,0.09633339234131207,3.0828358586999336,3.9394500689966194
Qwen2.5-32B,LC64K,32,M3D_NMP_CPA,64000,128,32,27,0,0.0,0.0,0.8566142102966857,0.09633339234131207,3.0828358586999336,3.9394500689966194
Qwen2.5-32B,LC64K,32,M3D_NMP_CPA,64000,128,32,28,0,0.0,0.0,0.8566142102966857,0.09633339234131207,3.0828358586999336,3.9394500689966194
Qwen2.5-32B,LC64K,32,M3D_NMP_CPA,64000,128,32,29,0,0.0,0.0,0.8566142102966857,0.09633339234131207,3.0828358586999336,3.9394500689966194
Qwen2.5-32B,LC64K,32,M3D_NMP_CPA,64000,128,32,30,0,0.0,0.0,0.8566142102966857,0.09633339234131207,3.0828358586999336,3.9394500689966194
Qwen2.5-32B,LC64K,32,M3D_NMP_CPA,64000,128,32,31,0,0.0,0.0,0.8566142102966857,0.09633339234131207,3.0828358586999336,3.9394500689966194
Qwen2.5-32B,LC126K,1,HBM_HOST_OFFLOAD,126000,128,32,0,0,0.0,0.0,0.041629013957485715,0.031437008693683814,1.0060264038139624,1.047655417771448
Qwen2.5-32B,LC126K,1,HBM_RESIDENT_WAVE,126000,128,32,0,0,0.0,0.0,0.041629013957485715,0.031437008693683814,1.0060264038139624,1.047655417771448
Qwen2.5-32B,LC126K,1,HBM_BEST,126000,128,32,0,0,0.0,0.0,0.041629013957485715,0.031437008693683814,1.0060264038139624,1.047655417771448
Qwen2.5-32B,LC126K,1,M3D_GPU,126000,128,32,0,0,0.0,0.0,0.041629013957485715,0.029791290153284727,0.9533578321585212,0.994986846116007
Qwen2.5-32B,LC126K,1,M3D_NMP_UNIFORM,126000,128,32,0,0,0.0,0.0,0.041629013957485715,0.005954286622794872,0.19054695936564775,0.23217597332313347
Qwen2.5-32B,LC126K,1,M3D_NMP_CPA,126000,128,32,0,0,0.0,0.0,0.041629013957485715,0.005698327058015486,0.182356017825123,0.22398503178260873
Qwen2.5-32B,LC126K,8,HBM_HOST_OFFLOAD,126000,128,32,0,0,0.0,0.0,0.441208361934957,0.4412135958111159,14.121333474448768,14.562541836383724
Qwen2.5-32B,LC126K,8,HBM_HOST_OFFLOAD,126000,128,32,1,0,0.0,0.0,0.441208361934957,0.4412135958111159,14.121333474448768,14.562541836383724
Qwen2.5-32B,LC126K,8,HBM_HOST_OFFLOAD,126000,128,32,2,0,0.0,0.0,0.441208361934957,0.4412135958111159,14.121333474448768,14.562541836383724
Qwen2.5-32B,LC126K,8,HBM_HOST_OFFLOAD,126000,128,32,3,0,0.0,0.0,0.441208361934957,0.4412135958111159,14.121333474448768,14.562541836383724
Qwen2.5-32B,LC126K,8,HBM_HOST_OFFLOAD,126000,128,32,4,0,0.0,0.0,0.441208361934957,0.4412135958111159,14.121333474448768,14.562541836383724
Qwen2.5-32B,LC126K,8,HBM_HOST_OFFLOAD,126000,128,32,5,0,0.0,0.0,0.441208361934957,0.4412135958111159,14.121333474448768,14.562541836383724
Qwen2.5-32B,LC126K,8,HBM_HOST_OFFLOAD,126000,128,32,6,0,0.0,0.0,0.441208361934957,0.4412135958111159,14.121333474448768,14.562541836383724
Qwen2.5-32B,LC126K,8,HBM_HOST_OFFLOAD,126000,128,32,7,0,0.0,0.0,0.441208361934957,0.4412135958111159,14.121333474448768,14.562541836383724
Qwen2.5-32B,LC126K,8,HBM_RESIDENT_WAVE,126000,128,32,0,0,0.0,0.0,0.08325802791497143,0.04214923344395335,1.3488597214386682,1.4321177493536397
Qwen2.5-32B,LC126K,8,HBM_RESIDENT_WAVE,126000,128,32,1,0,0.0,0.0,0.08325802791497143,0.04214923344395335,1.3488597214386682,1.4321177493536397
Qwen2.5-32B,LC126K,8,HBM_RESIDENT_WAVE,126000,128,32,2,1,1.4321177493536397,0.15866908776480762,0.08325802791497143,0.04214923344395335,1.3488597214386682,3.022904586472087
Qwen2.5-32B,LC126K,8,HBM_RESIDENT_WAVE,126000,128,32,3,1,1.4321177493536397,0.15866908776480762,0.08325802791497143,0.04214923344395335,1.3488597214386682,3.022904586472087
Qwen2.5-32B,LC126K,8,HBM_RESIDENT_WAVE,126000,128,32,4,2,3.022904586472087,0.15866908776480762,0.08325802791497143,0.04214923344395335,1.3488597214386682,4.613691423590534
Qwen2.5-32B,LC126K,8,HBM_RESIDENT_WAVE,126000,128,32,5,2,3.022904586472087,0.15866908776480762,0.08325802791497143,0.04214923344395335,1.3488597214386682,4.613691423590534
Qwen2.5-32B,LC126K,8,HBM_RESIDENT_WAVE,126000,128,32,6,3,4.613691423590534,0.15866908776480762,0.08325802791497143,0.04214923344395335,1.3488597214386682,6.2044782607089815
Qwen2.5-32B,LC126K,8,HBM_RESIDENT_WAVE,126000,128,32,7,3,4.613691423590534,0.15866908776480762,0.08325802791497143,0.04214923344395335,1.3488597214386682,6.2044782607089815
Qwen2.5-32B,LC126K,8,HBM_BEST,126000,128,32,0,0,0.0,0.0,0.08325802791497143,0.04214923344395335,1.3488597214386682,1.4321177493536397
Qwen2.5-32B,LC126K,8,HBM_BEST,126000,128,32,1,0,0.0,0.0,0.08325802791497143,0.04214923344395335,1.3488597214386682,1.4321177493536397
Qwen2.5-32B,LC126K,8,HBM_BEST,126000,128,32,2,1,1.4321177493536397,0.15866908776480762,0.08325802791497143,0.04214923344395335,1.3488597214386682,3.022904586472087
Qwen2.5-32B,LC126K,8,HBM_BEST,126000,128,32,3,1,1.4321177493536397,0.15866908776480762,0.08325802791497143,0.04214923344395335,1.3488597214386682,3.022904586472087
Qwen2.5-32B,LC126K,8,HBM_BEST,126000,128,32,4,2,3.022904586472087,0.15866908776480762,0.08325802791497143,0.04214923344395335,1.3488597214386682,4.613691423590534
Qwen2.5-32B,LC126K,8,HBM_BEST,126000,128,32,5,2,3.022904586472087,0.15866908776480762,0.08325802791497143,0.04214923344395335,1.3488597214386682,4.613691423590534
Qwen2.5-32B,LC126K,8,HBM_BEST,126000,128,32,6,3,4.613691423590534,0.15866908776480762,0.08325802791497143,0.04214923344395335,1.3488597214386682,6.2044782607089815
Qwen2.5-32B,LC126K,8,HBM_BEST,126000,128,32,7,3,4.613691423590534,0.15866908776480762,0.08325802791497143,0.04214923344395335,1.3488597214386682,6.2044782607089815
Qwen2.5-32B,LC126K,8,M3D_GPU,126000,128,32,0,0,0.0,0.0,0.3330321116598857,0.09986619596424942,3.196033344994431,3.5290654566543167
Qwen2.5-32B,LC126K,8,M3D_GPU,126000,128,32,1,0,0.0,0.0,0.3330321116598857,0.09986619596424942,3.196033344994431,3.5290654566543167
Qwen2.5-32B,LC126K,8,M3D_GPU,126000,128,32,2,0,0.0,0.0,0.3330321116598857,0.09986619596424942,3.196033344994431,3.5290654566543167
Qwen2.5-32B,LC126K,8,M3D_GPU,126000,128,32,3,0,0.0,0.0,0.3330321116598857,0.09986619596424942,3.196033344994431,3.5290654566543167
Qwen2.5-32B,LC126K,8,M3D_GPU,126000,128,32,4,0,0.0,0.0,0.3330321116598857,0.09986619596424942,3.196033344994431,3.5290654566543167
Qwen2.5-32B,LC126K,8,M3D_GPU,126000,128,32,5,0,0.0,0.0,0.3330321116598857,0.09986619596424942,3.196033344994431,3.5290654566543167
Qwen2.5-32B,LC126K,8,M3D_GPU,126000,128,32,6,0,0.0,0.0,0.3330321116598857,0.09986619596424942,3.196033344994431,3.5290654566543167
Qwen2.5-32B,LC126K,8,M3D_GPU,126000,128,32,7,0,0.0,0.0,0.3330321116598857,0.09986619596424942,3.196033344994431,3.5290654566543167
Qwen2.5-32B,LC126K,8,M3D_NMP_UNIFORM,126000,128,32,0,0,0.0,0.0,0.3330321116598857,0.03275708245826871,1.0482491865698698,1.3812812982297555
Qwen2.5-32B,LC126K,8,M3D_NMP_UNIFORM,126000,128,32,1,0,0.0,0.0,0.3330321116598857,0.03275708245826871,1.0482491865698698,1.3812812982297555
Qwen2.5-32B,LC126K,8,M3D_NMP_UNIFORM,126000,128,32,2,0,0.0,0.0,0.3330321116598857,0.03275708245826871,1.0482491865698698,1.3812812982297555
Qwen2.5-32B,LC126K,8,M3D_NMP_UNIFORM,126000,128,32,3,0,0.0,0.0,0.3330321116598857,0.03275708245826871,1.0482491865698698,1.3812812982297555
Qwen2.5-32B,LC126K,8,M3D_NMP_UNIFORM,126000,128,32,4,0,0.0,0.0,0.3330321116598857,0.03275708245826871,1.0482491865698698,1.3812812982297555
Qwen2.5-32B,LC126K,8,M3D_NMP_UNIFORM,126000,128,32,5,0,0.0,0.0,0.3330321116598857,0.03275708245826871,1.0482491865698698,1.3812812982297555
Qwen2.5-32B,LC126K,8,M3D_NMP_UNIFORM,126000,128,32,6,0,0.0,0.0,0.3330321116598857,0.03275708245826871,1.0482491865698698,1.3812812982297555
Qwen2.5-32B,LC126K,8,M3D_NMP_UNIFORM,126000,128,32,7,0,0.0,0.0,0.3330321116598857,0.03275708245826871,1.0482491865698698,1.3812812982297555
Qwen2.5-32B,LC126K,8,M3D_NMP_CPA,126000,128,32,0,0,0.0,0.0,0.3330321116598857,0.029681381098870207,0.9498311492566166,1.2828632609165023
Qwen2.5-32B,LC126K,8,M3D_NMP_CPA,126000,128,32,1,0,0.0,0.0,0.3330321116598857,0.029681381098870207,0.9498311492566166,1.2828632609165023
Qwen2.5-32B,LC126K,8,M3D_NMP_CPA,126000,128,32,2,0,0.0,0.0,0.3330321116598857,0.029681381098870207,0.9498311492566166,1.2828632609165023
Qwen2.5-32B,LC126K,8,M3D_NMP_CPA,126000,128,32,3,0,0.0,0.0,0.3330321116598857,0.029681381098870207,0.9498311492566166,1.2828632609165023
Qwen2.5-32B,LC126K,8,M3D_NMP_CPA,126000,128,32,4,0,0.0,0.0,0.3330321116598857,0.029681381098870207,0.9498311492566166,1.2828632609165023
Qwen2.5-32B,LC126K,8,M3D_NMP_CPA,126000,128,32,5,0,0.0,0.0,0.3330321116598857,0.029681381098870207,0.9498311492566166,1.2828632609165023
Qwen2.5-32B,LC126K,8,M3D_NMP_CPA,126000,128,32,6,0,0.0,0.0,0.3330321116598857,0.029681381098870207,0.9498311492566166,1.2828632609165023
Qwen2.5-32B,LC126K,8,M3D_NMP_CPA,126000,128,32,7,0,0.0,0.0,0.3330321116598857,0.029681381098870207,0.9498311492566166,1.2828632609165023
Qwen2.5-32B,LC126K,32,HBM_HOST_OFFLOAD,126000,128,32,0,0,0.0,0.0,2.3483956855262527,2.3484166210308883,75.15932550696067,77.50772119248693
Qwen2.5-32B,LC126K,32,HBM_HOST_OFFLOAD,126000,128,32,1,0,0.0,0.0,2.3483956855262527,2.3484166210308883,75.15932550696067,77.50772119248693
Qwen2.5-32B,LC126K,32,HBM_HOST_OFFLOAD,126000,128,32,2,0,0.0,0.0,2.3483956855262527,2.3484166210308883,75.15932550696067,77.50772119248693
Qwen2.5-32B,LC126K,32,HBM_HOST_OFFLOAD,126000,128,32,3,0,0.0,0.0,2.3483956855262527,2.3484166210308883,75.15932550696067,77.50772119248693
Qwen2.5-32B,LC126K,32,HBM_HOST_OFFLOAD,126000,128,32,4,0,0.0,0.0,2.3483956855262527,2.3484166210308883,75.15932550696067,77.50772119248693
Qwen2.5-32B,LC126K,32,HBM_HOST_OFFLOAD,126000,128,32,5,0,0.0,0.0,2.3483956855262527,2.3484166210308883,75.15932550696067,77.50772119248693
Qwen2.5-32B,LC126K,32,HBM_HOST_OFFLOAD,126000,128,32,6,0,0.0,0.0,2.3483956855262527,2.3484166210308883,75.15932550696067,77.50772119248693
Qwen2.5-32B,LC126K,32,HBM_HOST_OFFLOAD,126000,128,32,7,0,0.0,0.0,2.3483956855262527,2.3484166210308883,75.15932550696067,77.50772119248693
Qwen2.5-32B,LC126K,32,HBM_HOST_OFFLOAD,126000,128,32,8,0,0.0,0.0,2.3483956855262527,2.3484166210308883,75.15932550696067,77.50772119248693
Qwen2.5-32B,LC126K,32,HBM_HOST_OFFLOAD,126000,128,32,9,0,0.0,0.0,2.3483956855262527,2.3484166210308883,75.15932550696067,77.50772119248693
Qwen2.5-32B,LC126K,32,HBM_HOST_OFFLOAD,126000,128,32,10,0,0.0,0.0,2.3483956855262527,2.3484166210308883,75.15932550696067,77.50772119248693
Qwen2.5-32B,LC126K,32,HBM_HOST_OFFLOAD,126000,128,32,11,0,0.0,0.0,2.3483956855262527,2.3484166210308883,75.15932550696067,77.50772119248693
Qwen2.5-32B,LC126K,32,HBM_HOST_OFFLOAD,126000,128,32,12,0,0.0,0.0,2.3483956855262527,2.3484166210308883,75.15932550696067,77.50772119248693
Qwen2.5-32B,LC126K,32,HBM_HOST_OFFLOAD,126000,128,32,13,0,0.0,0.0,2.3483956855262527,2.3484166210308883,75.15932550696067,77.50772119248693
Qwen2.5-32B,LC126K,32,HBM_HOST_OFFLOAD,126000,128,32,14,0,0.0,0.0,2.3483956855262527,2.3484166210308883,75.15932550696067,77.50772119248693
Qwen2.5-32B,LC126K,32,HBM_HOST_OFFLOAD,126000,128,32,15,0,0.0,0.0,2.3483956855262527,2.3484166210308883,75.15932550696067,77.50772119248693
Qwen2.5-32B,LC126K,32,HBM_HOST_OFFLOAD,126000,128,32,16,0,0.0,0.0,2.3483956855262527,2.3484166210308883,75.15932550696067,77.50772119248693
Qwen2.5-32B,LC126K,32,HBM_HOST_OFFLOAD,126000,128,32,17,0,0.0,0.0,2.3483956855262527,2.3484166210308883,75.15932550696067,77.50772119248693
Qwen2.5-32B,LC126K,32,HBM_HOST_OFFLOAD,126000,128,32,18,0,0.0,0.0,2.3483956855262527,2.3484166210308883,75.15932550696067,77.50772119248693
Qwen2.5-32B,LC126K,32,HBM_HOST_OFFLOAD,126000,128,32,19,0,0.0,0.0,2.3483956855262527,2.3484166210308883,75.15932550696067,77.50772119248693
Qwen2.5-32B,LC126K,32,HBM_HOST_OFFLOAD,126000,128,32,20,0,0.0,0.0,2.3483956855262527,2.3484166210308883,75.15932550696067,77.50772119248693
Qwen2.5-32B,LC126K,32,HBM_HOST_OFFLOAD,126000,128,32,21,0,0.0,0.0,2.3483956855262527,2.3484166210308883,75.15932550696067,77.50772119248693
Qwen2.5-32B,LC126K,32,HBM_HOST_OFFLOAD,126000,128,32,22,0,0.0,0.0,2.3483956855262527,2.3484166210308883,75.15932550696067,77.50772119248693
Qwen2.5-32B,LC126K,32,HBM_HOST_OFFLOAD,126000,128,32,23,0,0.0,0.0,2.3483956855262527,2.3484166210308883,75.15932550696067,77.50772119248693
Qwen2.5-32B,LC126K,32,HBM_HOST_OFFLOAD,126000,128,32,24,0,0.0,0.0,2.3483956855262527,2.3484166210308883,75.15932550696067,77.50772119248693
Qwen2.5-32B,LC126K,32,HBM_HOST_OFFLOAD,126000,128,32,25,0,0.0,0.0,2.3483956855262527,2.3484166210308883,75.15932550696067,77.50772119248693
Qwen2.5-32B,LC126K,32,HBM_HOST_OFFLOAD,126000,128,32,26,0,0.0,0.0,2.3483956855262527,2.3484166210308883,75.15932550696067,77.50772119248693
Qwen2.5-32B,LC126K,32,HBM_HOST_OFFLOAD,126000,128,32,27,0,0.0,0.0,2.3483956855262527,2.3484166210308883,75.15932550696067,77.50772119248693
Qwen2.5-32B,LC126K,32,HBM_HOST_OFFLOAD,126000,128,32,28,0,0.0,0.0,2.3483956855262527,2.3484166210308883,75.15932550696067,77.50772119248693
Qwen2.5-32B,LC126K,32,HBM_HOST_OFFLOAD,126000,128,32,29,0,0.0,0.0,2.3483956855262527,2.3484166210308883,75.15932550696067,77.50772119248693
Qwen2.5-32B,LC126K,32,HBM_HOST_OFFLOAD,126000,128,32,30,0,0.0,0.0,2.3483956855262527,2.3484166210308883,75.15932550696067,77.50772119248693
Qwen2.5-32B,LC126K,32,HBM_HOST_OFFLOAD,126000,128,32,31,0,0.0,0.0,2.3483956855262527,2.3484166210308883,75.15932550696067,77.50772119248693
Qwen2.5-32B,LC126K,32,HBM_RESIDENT_WAVE,126000,128,32,0,0,0.0,0.0,0.08325802791497143,0.04214923344395335,1.3488597214386682,1.4321177493536397
Qwen2.5-32B,LC126K,32,HBM_RESIDENT_WAVE,126000,128,32,1,0,0.0,0.0,0.08325802791497143,0.04214923344395335,1.3488597214386682,1.4321177493536397
Qwen2.5-32B,LC126K,32,HBM_RESIDENT_WAVE,126000,128,32,2,1,1.4321177493536397,0.15866908776480762,0.08325802791497143,0.04214923344395335,1.3488597214386682,3.022904586472087
Qwen2.5-32B,LC126K,32,HBM_RESIDENT_WAVE,126000,128,32,3,1,1.4321177493536397,0.15866908776480762,0.08325802791497143,0.04214923344395335,1.3488597214386682,3.022904586472087
Qwen2.5-32B,LC126K,32,HBM_RESIDENT_WAVE,126000,128,32,4,2,3.022904586472087,0.15866908776480762,0.08325802791497143,0.04214923344395335,1.3488597214386682,4.613691423590534
Qwen2.5-32B,LC126K,32,HBM_RESIDENT_WAVE,126000,128,32,5,2,3.022904586472087,0.15866908776480762,0.08325802791497143,0.04214923344395335,1.3488597214386682,4.613691423590534
Qwen2.5-32B,LC126K,32,HBM_RESIDENT_WAVE,126000,128,32,6,3,4.613691423590534,0.15866908776480762,0.08325802791497143,0.04214923344395335,1.3488597214386682,6.2044782607089815
Qwen2.5-32B,LC126K,32,HBM_RESIDENT_WAVE,126000,128,32,7,3,4.613691423590534,0.15866908776480762,0.08325802791497143,0.04214923344395335,1.3488597214386682,6.2044782607089815
Qwen2.5-32B,LC126K,32,HBM_RESIDENT_WAVE,126000,128,32,8,4,6.2044782607089815,0.15866908776480762,0.08325802791497143,0.04214923344395335,1.3488597214386682,7.7952650978274285
Qwen2.5-32B,LC126K,32,HBM_RESIDENT_WAVE,126000,128,32,9,4,6.2044782607089815,0.15866908776480762,0.08325802791497143,0.04214923344395335,1.3488597214386682,7.7952650978274285
Qwen2.5-32B,LC126K,32,HBM_RESIDENT_WAVE,126000,128,32,10,5,7.7952650978274285,0.15866908776480762,0.08325802791497143,0.04214923344395335,1.3488597214386682,9.386051934945876
Qwen2.5-32B,LC126K,32,HBM_RESIDENT_WAVE,126000,128,32,11,5,7.7952650978274285,0.15866908776480762,0.08325802791497143,0.04214923344395335,1.3488597214386682,9.386051934945876
Qwen2.5-32B,LC126K,32,HBM_RESIDENT_WAVE,126000,128,32,12,6,9.386051934945876,0.15866908776480762,0.08325802791497143,0.04214923344395335,1.3488597214386682,10.976838772064323
Qwen2.5-32B,LC126K,32,HBM_RESIDENT_WAVE,126000,128,32,13,6,9.386051934945876,0.15866908776480762,0.08325802791497143,0.04214923344395335,1.3488597214386682,10.976838772064323
Qwen2.5-32B,LC126K,32,HBM_RESIDENT_WAVE,126000,128,32,14,7,10.976838772064323,0.15866908776480762,0.08325802791497143,0.04214923344395335,1.3488597214386682,12.56762560918277
Qwen2.5-32B,LC126K,32,HBM_RESIDENT_WAVE,126000,128,32,15,7,10.976838772064323,0.15866908776480762,0.08325802791497143,0.04214923344395335,1.3488597214386682,12.56762560918277
Qwen2.5-32B,LC126K,32,HBM_RESIDENT_WAVE,126000,128,32,16,8,12.56762560918277,0.15866908776480762,0.08325802791497143,0.04214923344395335,1.3488597214386682,14.158412446301217
Qwen2.5-32B,LC126K,32,HBM_RESIDENT_WAVE,126000,128,32,17,8,12.56762560918277,0.15866908776480762,0.08325802791497143,0.04214923344395335,1.3488597214386682,14.158412446301217
Qwen2.5-32B,LC126K,32,HBM_RESIDENT_WAVE,126000,128,32,18,9,14.158412446301217,0.15866908776480762,0.08325802791497143,0.04214923344395335,1.3488597214386682,15.749199283419664
Qwen2.5-32B,LC126K,32,HBM_RESIDENT_WAVE,126000,128,32,19,9,14.158412446301217,0.15866908776480762,0.08325802791497143,0.04214923344395335,1.3488597214386682,15.749199283419664
Qwen2.5-32B,LC126K,32,HBM_RESIDENT_WAVE,126000,128,32,20,10,15.749199283419664,0.15866908776480762,0.08325802791497143,0.04214923344395335,1.3488597214386682,17.33998612053811
Qwen2.5-32B,LC126K,32,HBM_RESIDENT_WAVE,126000,128,32,21,10,15.749199283419664,0.15866908776480762,0.08325802791497143,0.04214923344395335,1.3488597214386682,17.33998612053811
Qwen2.5-32B,LC126K,32,HBM_RESIDENT_WAVE,126000,128,32,22,11,17.33998612053811,0.15866908776480762,0.08325802791497143,0.04214923344395335,1.3488597214386682,18.930772957656558
Qwen2.5-32B,LC126K,32,HBM_RESIDENT_WAVE,126000,128,32,23,11,17.33998612053811,0.15866908776480762,0.08325802791497143,0.04214923344395335,1.3488597214386682,18.930772957656558
Qwen2.5-32B,LC126K,32,HBM_RESIDENT_WAVE,126000,128,32,24,12,18.930772957656558,0.15866908776480762,0.08325802791497143,0.04214923344395335,1.3488597214386682,20.521559794775005
Qwen2.5-32B,LC126K,32,HBM_RESIDENT_WAVE,126000,128,32,25,12,18.930772957656558,0.15866908776480762,0.08325802791497143,0.04214923344395335,1.3488597214386682,20.521559794775005
Qwen2.5-32B,LC126K,32,HBM_RESIDENT_WAVE,126000,128,32,26,13,20.521559794775005,0.15866908776480762,0.08325802791497143,0.04214923344395335,1.3488597214386682,22.112346631893452
Qwen2.5-32B,LC126K,32,HBM_RESIDENT_WAVE,126000,128,32,27,13,20.521559794775005,0.15866908776480762,0.08325802791497143,0.04214923344395335,1.3488597214386682,22.112346631893452
Qwen2.5-32B,LC126K,32,HBM_RESIDENT_WAVE,126000,128,32,28,14,22.112346631893452,0.15866908776480762,0.08325802791497143,0.04214923344395335,1.3488597214386682,23.7031334690119
Qwen2.5-32B,LC126K,32,HBM_RESIDENT_WAVE,126000,128,32,29,14,22.112346631893452,0.15866908776480762,0.08325802791497143,0.04214923344395335,1.3488597214386682,23.7031334690119
Qwen2.5-32B,LC126K,32,HBM_RESIDENT_WAVE,126000,128,32,30,15,23.7031334690119,0.15866908776480762,0.08325802791497143,0.04214923344395335,1.3488597214386682,25.293920306130346
Qwen2.5-32B,LC126K,32,HBM_RESIDENT_WAVE,126000,128,32,31,15,23.7031334690119,0.15866908776480762,0.08325802791497143,0.04214923344395335,1.3488597214386682,25.293920306130346
Qwen2.5-32B,LC126K,32,HBM_BEST,126000,128,32,0,0,0.0,0.0,0.08325802791497143,0.04214923344395335,1.3488597214386682,1.4321177493536397
Qwen2.5-32B,LC126K,32,HBM_BEST,126000,128,32,1,0,0.0,0.0,0.08325802791497143,0.04214923344395335,1.3488597214386682,1.4321177493536397
Qwen2.5-32B,LC126K,32,HBM_BEST,126000,128,32,2,1,1.4321177493536397,0.15866908776480762,0.08325802791497143,0.04214923344395335,1.3488597214386682,3.022904586472087
Qwen2.5-32B,LC126K,32,HBM_BEST,126000,128,32,3,1,1.4321177493536397,0.15866908776480762,0.08325802791497143,0.04214923344395335,1.3488597214386682,3.022904586472087
Qwen2.5-32B,LC126K,32,HBM_BEST,126000,128,32,4,2,3.022904586472087,0.15866908776480762,0.08325802791497143,0.04214923344395335,1.3488597214386682,4.613691423590534
Qwen2.5-32B,LC126K,32,HBM_BEST,126000,128,32,5,2,3.022904586472087,0.15866908776480762,0.08325802791497143,0.04214923344395335,1.3488597214386682,4.613691423590534
Qwen2.5-32B,LC126K,32,HBM_BEST,126000,128,32,6,3,4.613691423590534,0.15866908776480762,0.08325802791497143,0.04214923344395335,1.3488597214386682,6.2044782607089815
Qwen2.5-32B,LC126K,32,HBM_BEST,126000,128,32,7,3,4.613691423590534,0.15866908776480762,0.08325802791497143,0.04214923344395335,1.3488597214386682,6.2044782607089815
Qwen2.5-32B,LC126K,32,HBM_BEST,126000,128,32,8,4,6.2044782607089815,0.15866908776480762,0.08325802791497143,0.04214923344395335,1.3488597214386682,7.7952650978274285
Qwen2.5-32B,LC126K,32,HBM_BEST,126000,128,32,9,4,6.2044782607089815,0.15866908776480762,0.08325802791497143,0.04214923344395335,1.3488597214386682,7.7952650978274285
Qwen2.5-32B,LC126K,32,HBM_BEST,126000,128,32,10,5,7.7952650978274285,0.15866908776480762,0.08325802791497143,0.04214923344395335,1.3488597214386682,9.386051934945876
Qwen2.5-32B,LC126K,32,HBM_BEST,126000,128,32,11,5,7.7952650978274285,0.15866908776480762,0.08325802791497143,0.04214923344395335,1.3488597214386682,9.386051934945876
Qwen2.5-32B,LC126K,32,HBM_BEST,126000,128,32,12,6,9.386051934945876,0.15866908776480762,0.08325802791497143,0.04214923344395335,1.3488597214386682,10.976838772064323
Qwen2.5-32B,LC126K,32,HBM_BEST,126000,128,32,13,6,9.386051934945876,0.15866908776480762,0.08325802791497143,0.04214923344395335,1.3488597214386682,10.976838772064323
Qwen2.5-32B,LC126K,32,HBM_BEST,126000,128,32,14,7,10.976838772064323,0.15866908776480762,0.08325802791497143,0.04214923344395335,1.3488597214386682,12.56762560918277
Qwen2.5-32B,LC126K,32,HBM_BEST,126000,128,32,15,7,10.976838772064323,0.15866908776480762,0.08325802791497143,0.04214923344395335,1.3488597214386682,12.56762560918277
Qwen2.5-32B,LC126K,32,HBM_BEST,126000,128,32,16,8,12.56762560918277,0.15866908776480762,0.08325802791497143,0.04214923344395335,1.3488597214386682,14.158412446301217
Qwen2.5-32B,LC126K,32,HBM_BEST,126000,128,32,17,8,12.56762560918277,0.15866908776480762,0.08325802791497143,0.04214923344395335,1.3488597214386682,14.158412446301217
Qwen2.5-32B,LC126K,32,HBM_BEST,126000,128,32,18,9,14.158412446301217,0.15866908776480762,0.08325802791497143,0.04214923344395335,1.3488597214386682,15.749199283419664
Qwen2.5-32B,LC126K,32,HBM_BEST,126000,128,32,19,9,14.158412446301217,0.15866908776480762,0.08325802791497143,0.04214923344395335,1.3488597214386682,15.749199283419664
Qwen2.5-32B,LC126K,32,HBM_BEST,126000,128,32,20,10,15.749199283419664,0.15866908776480762,0.08325802791497143,0.04214923344395335,1.3488597214386682,17.33998612053811
Qwen2.5-32B,LC126K,32,HBM_BEST,126000,128,32,21,10,15.749199283419664,0.15866908776480762,0.08325802791497143,0.04214923344395335,1.3488597214386682,17.33998612053811
Qwen2.5-32B,LC126K,32,HBM_BEST,126000,128,32,22,11,17.33998612053811,0.15866908776480762,0.08325802791497143,0.04214923344395335,1.3488597214386682,18.930772957656558
Qwen2.5-32B,LC126K,32,HBM_BEST,126000,128,32,23,11,17.33998612053811,0.15866908776480762,0.08325802791497143,0.04214923344395335,1.3488597214386682,18.930772957656558
Qwen2.5-32B,LC126K,32,HBM_BEST,126000,128,32,24,12,18.930772957656558,0.15866908776480762,0.08325802791497143,0.04214923344395335,1.3488597214386682,20.521559794775005
Qwen2.5-32B,LC126K,32,HBM_BEST,126000,128,32,25,12,18.930772957656558,0.15866908776480762,0.08325802791497143,0.04214923344395335,1.3488597214386682,20.521559794775005
Qwen2.5-32B,LC126K,32,HBM_BEST,126000,128,32,26,13,20.521559794775005,0.15866908776480762,0.08325802791497143,0.04214923344395335,1.3488597214386682,22.112346631893452
Qwen2.5-32B,LC126K,32,HBM_BEST,126000,128,32,27,13,20.521559794775005,0.15866908776480762,0.08325802791497143,0.04214923344395335,1.3488597214386682,22.112346631893452
Qwen2.5-32B,LC126K,32,HBM_BEST,126000,128,32,28,14,22.112346631893452,0.15866908776480762,0.08325802791497143,0.04214923344395335,1.3488597214386682,23.7031334690119
Qwen2.5-32B,LC126K,32,HBM_BEST,126000,128,32,29,14,22.112346631893452,0.15866908776480762,0.08325802791497143,0.04214923344395335,1.3488597214386682,23.7031334690119
Qwen2.5-32B,LC126K,32,HBM_BEST,126000,128,32,30,15,23.7031334690119,0.15866908776480762,0.08325802791497143,0.04214923344395335,1.3488597214386682,25.293920306130346
Qwen2.5-32B,LC126K,32,HBM_BEST,126000,128,32,31,15,23.7031334690119,0.15866908776480762,0.08325802791497143,0.04214923344395335,1.3488597214386682,25.293920306130346
Qwen2.5-32B,LC126K,32,M3D_GPU,126000,128,32,0,0,0.0,0.0,1.3321284466395429,0.34010648269282456,10.884666867533502,12.216795314173044
Qwen2.5-32B,LC126K,32,M3D_GPU,126000,128,32,1,0,0.0,0.0,1.3321284466395429,0.34010648269282456,10.884666867533502,12.216795314173044
Qwen2.5-32B,LC126K,32,M3D_GPU,126000,128,32,2,0,0.0,0.0,1.3321284466395429,0.34010648269282456,10.884666867533502,12.216795314173044
Qwen2.5-32B,LC126K,32,M3D_GPU,126000,128,32,3,0,0.0,0.0,1.3321284466395429,0.34010648269282456,10.884666867533502,12.216795314173044
Qwen2.5-32B,LC126K,32,M3D_GPU,126000,128,32,4,0,0.0,0.0,1.3321284466395429,0.34010648269282456,10.884666867533502,12.216795314173044
Qwen2.5-32B,LC126K,32,M3D_GPU,126000,128,32,5,0,0.0,0.0,1.3321284466395429,0.34010648269282456,10.884666867533502,12.216795314173044
Qwen2.5-32B,LC126K,32,M3D_GPU,126000,128,32,6,0,0.0,0.0,1.3321284466395429,0.34010648269282456,10.884666867533502,12.216795314173044
Qwen2.5-32B,LC126K,32,M3D_GPU,126000,128,32,7,0,0.0,0.0,1.3321284466395429,0.34010648269282456,10.884666867533502,12.216795314173044
Qwen2.5-32B,LC126K,32,M3D_GPU,126000,128,32,8,0,0.0,0.0,1.3321284466395429,0.34010648269282456,10.884666867533502,12.216795314173044
Qwen2.5-32B,LC126K,32,M3D_GPU,126000,128,32,9,0,0.0,0.0,1.3321284466395429,0.34010648269282456,10.884666867533502,12.216795314173044
Qwen2.5-32B,LC126K,32,M3D_GPU,126000,128,32,10,0,0.0,0.0,1.3321284466395429,0.34010648269282456,10.884666867533502,12.216795314173044
Qwen2.5-32B,LC126K,32,M3D_GPU,126000,128,32,11,0,0.0,0.0,1.3321284466395429,0.34010648269282456,10.884666867533502,12.216795314173044
Qwen2.5-32B,LC126K,32,M3D_GPU,126000,128,32,12,0,0.0,0.0,1.3321284466395429,0.34010648269282456,10.884666867533502,12.216795314173044
Qwen2.5-32B,LC126K,32,M3D_GPU,126000,128,32,13,0,0.0,0.0,1.3321284466395429,0.34010648269282456,10.884666867533502,12.216795314173044
Qwen2.5-32B,LC126K,32,M3D_GPU,126000,128,32,14,0,0.0,0.0,1.3321284466395429,0.34010648269282456,10.884666867533502,12.216795314173044
Qwen2.5-32B,LC126K,32,M3D_GPU,126000,128,32,15,0,0.0,0.0,1.3321284466395429,0.34010648269282456,10.884666867533502,12.216795314173044
Qwen2.5-32B,LC126K,32,M3D_GPU,126000,128,32,16,0,0.0,0.0,1.3321284466395429,0.34010648269282456,10.884666867533502,12.216795314173044
Qwen2.5-32B,LC126K,32,M3D_GPU,126000,128,32,17,0,0.0,0.0,1.3321284466395429,0.34010648269282456,10.884666867533502,12.216795314173044
Qwen2.5-32B,LC126K,32,M3D_GPU,126000,128,32,18,0,0.0,0.0,1.3321284466395429,0.34010648269282456,10.884666867533502,12.216795314173044
Qwen2.5-32B,LC126K,32,M3D_GPU,126000,128,32,19,0,0.0,0.0,1.3321284466395429,0.34010648269282456,10.884666867533502,12.216795314173044
Qwen2.5-32B,LC126K,32,M3D_GPU,126000,128,32,20,0,0.0,0.0,1.3321284466395429,0.34010648269282456,10.884666867533502,12.216795314173044
Qwen2.5-32B,LC126K,32,M3D_GPU,126000,128,32,21,0,0.0,0.0,1.3321284466395429,0.34010648269282456,10.884666867533502,12.216795314173044
Qwen2.5-32B,LC126K,32,M3D_GPU,126000,128,32,22,0,0.0,0.0,1.3321284466395429,0.34010648269282456,10.884666867533502,12.216795314173044
Qwen2.5-32B,LC126K,32,M3D_GPU,126000,128,32,23,0,0.0,0.0,1.3321284466395429,0.34010648269282456,10.884666867533502,12.216795314173044
Qwen2.5-32B,LC126K,32,M3D_GPU,126000,128,32,24,0,0.0,0.0,1.3321284466395429,0.34010648269282456,10.884666867533502,12.216795314173044
Qwen2.5-32B,LC126K,32,M3D_GPU,126000,128,32,25,0,0.0,0.0,1.3321284466395429,0.34010648269282456,10.884666867533502,12.216795314173044
Qwen2.5-32B,LC126K,32,M3D_GPU,126000,128,32,26,0,0.0,0.0,1.3321284466395429,0.34010648269282456,10.884666867533502,12.216795314173044
Qwen2.5-32B,LC126K,32,M3D_GPU,126000,128,32,27,0,0.0,0.0,1.3321284466395429,0.34010648269282456,10.884666867533502,12.216795314173044
Qwen2.5-32B,LC126K,32,M3D_GPU,126000,128,32,28,0,0.0,0.0,1.3321284466395429,0.34010648269282456,10.884666867533502,12.216795314173044
Qwen2.5-32B,LC126K,32,M3D_GPU,126000,128,32,29,0,0.0,0.0,1.3321284466395429,0.34010648269282456,10.884666867533502,12.216795314173044
Qwen2.5-32B,LC126K,32,M3D_GPU,126000,128,32,30,0,0.0,0.0,1.3321284466395429,0.34010648269282456,10.884666867533502,12.216795314173044
Qwen2.5-32B,LC126K,32,M3D_GPU,126000,128,32,31,0,0.0,0.0,1.3321284466395429,0.34010648269282456,10.884666867533502,12.216795314173044
Qwen2.5-32B,LC126K,32,M3D_NMP_UNIFORM,126000,128,32,0,0,0.0,0.0,1.3321284466395429,0.12624551384065036,4.039958849742353,5.372087296381896
Qwen2.5-32B,LC126K,32,M3D_NMP_UNIFORM,126000,128,32,1,0,0.0,0.0,1.3321284466395429,0.12624551384065036,4.039958849742353,5.372087296381896
Qwen2.5-32B,LC126K,32,M3D_NMP_UNIFORM,126000,128,32,2,0,0.0,0.0,1.3321284466395429,0.12624551384065036,4.039958849742353,5.372087296381896
Qwen2.5-32B,LC126K,32,M3D_NMP_UNIFORM,126000,128,32,3,0,0.0,0.0,1.3321284466395429,0.12624551384065036,4.039958849742353,5.372087296381896
Qwen2.5-32B,LC126K,32,M3D_NMP_UNIFORM,126000,128,32,4,0,0.0,0.0,1.3321284466395429,0.12624551384065036,4.039958849742353,5.372087296381896
Qwen2.5-32B,LC126K,32,M3D_NMP_UNIFORM,126000,128,32,5,0,0.0,0.0,1.3321284466395429,0.12624551384065036,4.039958849742353,5.372087296381896
Qwen2.5-32B,LC126K,32,M3D_NMP_UNIFORM,126000,128,32,6,0,0.0,0.0,1.3321284466395429,0.12624551384065036,4.039958849742353,5.372087296381896
Qwen2.5-32B,LC126K,32,M3D_NMP_UNIFORM,126000,128,32,7,0,0.0,0.0,1.3321284466395429,0.12624551384065036,4.039958849742353,5.372087296381896
Qwen2.5-32B,LC126K,32,M3D_NMP_UNIFORM,126000,128,32,8,0,0.0,0.0,1.3321284466395429,0.12624551384065036,4.039958849742353,5.372087296381896
Qwen2.5-32B,LC126K,32,M3D_NMP_UNIFORM,126000,128,32,9,0,0.0,0.0,1.3321284466395429,0.12624551384065036,4.039958849742353,5.372087296381896
Qwen2.5-32B,LC126K,32,M3D_NMP_UNIFORM,126000,128,32,10,0,0.0,0.0,1.3321284466395429,0.12624551384065036,4.039958849742353,5.372087296381896
Qwen2.5-32B,LC126K,32,M3D_NMP_UNIFORM,126000,128,32,11,0,0.0,0.0,1.3321284466395429,0.12624551384065036,4.039958849742353,5.372087296381896
Qwen2.5-32B,LC126K,32,M3D_NMP_UNIFORM,126000,128,32,12,0,0.0,0.0,1.3321284466395429,0.12624551384065036,4.039958849742353,5.372087296381896
Qwen2.5-32B,LC126K,32,M3D_NMP_UNIFORM,126000,128,32,13,0,0.0,0.0,1.3321284466395429,0.12624551384065036,4.039958849742353,5.372087296381896
Qwen2.5-32B,LC126K,32,M3D_NMP_UNIFORM,126000,128,32,14,0,0.0,0.0,1.3321284466395429,0.12624551384065036,4.039958849742353,5.372087296381896
Qwen2.5-32B,LC126K,32,M3D_NMP_UNIFORM,126000,128,32,15,0,0.0,0.0,1.3321284466395429,0.12624551384065036,4.039958849742353,5.372087296381896
Qwen2.5-32B,LC126K,32,M3D_NMP_UNIFORM,126000,128,32,16,0,0.0,0.0,1.3321284466395429,0.12624551384065036,4.039958849742353,5.372087296381896
Qwen2.5-32B,LC126K,32,M3D_NMP_UNIFORM,126000,128,32,17,0,0.0,0.0,1.3321284466395429,0.12624551384065036,4.039958849742353,5.372087296381896
Qwen2.5-32B,LC126K,32,M3D_NMP_UNIFORM,126000,128,32,18,0,0.0,0.0,1.3321284466395429,0.12624551384065036,4.039958849742353,5.372087296381896
Qwen2.5-32B,LC126K,32,M3D_NMP_UNIFORM,126000,128,32,19,0,0.0,0.0,1.3321284466395429,0.12624551384065036,4.039958849742353,5.372087296381896
Qwen2.5-32B,LC126K,32,M3D_NMP_UNIFORM,126000,128,32,20,0,0.0,0.0,1.3321284466395429,0.12624551384065036,4.039958849742353,5.372087296381896
Qwen2.5-32B,LC126K,32,M3D_NMP_UNIFORM,126000,128,32,21,0,0.0,0.0,1.3321284466395429,0.12624551384065036,4.039958849742353,5.372087296381896
Qwen2.5-32B,LC126K,32,M3D_NMP_UNIFORM,126000,128,32,22,0,0.0,0.0,1.3321284466395429,0.12624551384065036,4.039958849742353,5.372087296381896
Qwen2.5-32B,LC126K,32,M3D_NMP_UNIFORM,126000,128,32,23,0,0.0,0.0,1.3321284466395429,0.12624551384065036,4.039958849742353,5.372087296381896
Qwen2.5-32B,LC126K,32,M3D_NMP_UNIFORM,126000,128,32,24,0,0.0,0.0,1.3321284466395429,0.12624551384065036,4.039958849742353,5.372087296381896
Qwen2.5-32B,LC126K,32,M3D_NMP_UNIFORM,126000,128,32,25,0,0.0,0.0,1.3321284466395429,0.12624551384065036,4.039958849742353,5.372087296381896
Qwen2.5-32B,LC126K,32,M3D_NMP_UNIFORM,126000,128,32,26,0,0.0,0.0,1.3321284466395429,0.12624551384065036,4.039958849742353,5.372087296381896
Qwen2.5-32B,LC126K,32,M3D_NMP_UNIFORM,126000,128,32,27,0,0.0,0.0,1.3321284466395429,0.12624551384065036,4.039958849742353,5.372087296381896
Qwen2.5-32B,LC126K,32,M3D_NMP_UNIFORM,126000,128,32,28,0,0.0,0.0,1.3321284466395429,0.12624551384065036,4.039958849742353,5.372087296381896
Qwen2.5-32B,LC126K,32,M3D_NMP_UNIFORM,126000,128,32,29,0,0.0,0.0,1.3321284466395429,0.12624551384065036,4.039958849742353,5.372087296381896
Qwen2.5-32B,LC126K,32,M3D_NMP_UNIFORM,126000,128,32,30,0,0.0,0.0,1.3321284466395429,0.12624551384065036,4.039958849742353,5.372087296381896
Qwen2.5-32B,LC126K,32,M3D_NMP_UNIFORM,126000,128,32,31,0,0.0,0.0,1.3321284466395429,0.12624551384065036,4.039958849742353,5.372087296381896
Qwen2.5-32B,LC126K,32,M3D_NMP_CPA,126000,128,32,0,0,0.0,0.0,1.3321284466395429,0.11517226175122579,3.6856499449131346,5.017778391552677
Qwen2.5-32B,LC126K,32,M3D_NMP_CPA,126000,128,32,1,0,0.0,0.0,1.3321284466395429,0.11517226175122579,3.6856499449131346,5.017778391552677
Qwen2.5-32B,LC126K,32,M3D_NMP_CPA,126000,128,32,2,0,0.0,0.0,1.3321284466395429,0.11517226175122579,3.6856499449131346,5.017778391552677
Qwen2.5-32B,LC126K,32,M3D_NMP_CPA,126000,128,32,3,0,0.0,0.0,1.3321284466395429,0.11517226175122579,3.6856499449131346,5.017778391552677
Qwen2.5-32B,LC126K,32,M3D_NMP_CPA,126000,128,32,4,0,0.0,0.0,1.3321284466395429,0.11517226175122579,3.6856499449131346,5.017778391552677
Qwen2.5-32B,LC126K,32,M3D_NMP_CPA,126000,128,32,5,0,0.0,0.0,1.3321284466395429,0.11517226175122579,3.6856499449131346,5.017778391552677
Qwen2.5-32B,LC126K,32,M3D_NMP_CPA,126000,128,32,6,0,0.0,0.0,1.3321284466395429,0.11517226175122579,3.6856499449131346,5.017778391552677
Qwen2.5-32B,LC126K,32,M3D_NMP_CPA,126000,128,32,7,0,0.0,0.0,1.3321284466395429,0.11517226175122579,3.6856499449131346,5.017778391552677
Qwen2.5-32B,LC126K,32,M3D_NMP_CPA,126000,128,32,8,0,0.0,0.0,1.3321284466395429,0.11517226175122579,3.6856499449131346,5.017778391552677
Qwen2.5-32B,LC126K,32,M3D_NMP_CPA,126000,128,32,9,0,0.0,0.0,1.3321284466395429,0.11517226175122579,3.6856499449131346,5.017778391552677
Qwen2.5-32B,LC126K,32,M3D_NMP_CPA,126000,128,32,10,0,0.0,0.0,1.3321284466395429,0.11517226175122579,3.6856499449131346,5.017778391552677
Qwen2.5-32B,LC126K,32,M3D_NMP_CPA,126000,128,32,11,0,0.0,0.0,1.3321284466395429,0.11517226175122579,3.6856499449131346,5.017778391552677
Qwen2.5-32B,LC126K,32,M3D_NMP_CPA,126000,128,32,12,0,0.0,0.0,1.3321284466395429,0.11517226175122579,3.6856499449131346,5.017778391552677
Qwen2.5-32B,LC126K,32,M3D_NMP_CPA,126000,128,32,13,0,0.0,0.0,1.3321284466395429,0.11517226175122579,3.6856499449131346,5.017778391552677
Qwen2.5-32B,LC126K,32,M3D_NMP_CPA,126000,128,32,14,0,0.0,0.0,1.3321284466395429,0.11517226175122579,3.6856499449131346,5.017778391552677
Qwen2.5-32B,LC126K,32,M3D_NMP_CPA,126000,128,32,15,0,0.0,0.0,1.3321284466395429,0.11517226175122579,3.6856499449131346,5.017778391552677
Qwen2.5-32B,LC126K,32,M3D_NMP_CPA,126000,128,32,16,0,0.0,0.0,1.3321284466395429,0.11517226175122579,3.6856499449131346,5.017778391552677
Qwen2.5-32B,LC126K,32,M3D_NMP_CPA,126000,128,32,17,0,0.0,0.0,1.3321284466395429,0.11517226175122579,3.6856499449131346,5.017778391552677
Qwen2.5-32B,LC126K,32,M3D_NMP_CPA,126000,128,32,18,0,0.0,0.0,1.3321284466395429,0.11517226175122579,3.6856499449131346,5.017778391552677
Qwen2.5-32B,LC126K,32,M3D_NMP_CPA,126000,128,32,19,0,0.0,0.0,1.3321284466395429,0.11517226175122579,3.6856499449131346,5.017778391552677
Qwen2.5-32B,LC126K,32,M3D_NMP_CPA,126000,128,32,20,0,0.0,0.0,1.3321284466395429,0.11517226175122579,3.6856499449131346,5.017778391552677
Qwen2.5-32B,LC126K,32,M3D_NMP_CPA,126000,128,32,21,0,0.0,0.0,1.3321284466395429,0.11517226175122579,3.6856499449131346,5.017778391552677
Qwen2.5-32B,LC126K,32,M3D_NMP_CPA,126000,128,32,22,0,0.0,0.0,1.3321284466395429,0.11517226175122579,3.6856499449131346,5.017778391552677
Qwen2.5-32B,LC126K,32,M3D_NMP_CPA,126000,128,32,23,0,0.0,0.0,1.3321284466395429,0.11517226175122579,3.6856499449131346,5.017778391552677
Qwen2.5-32B,LC126K,32,M3D_NMP_CPA,126000,128,32,24,0,0.0,0.0,1.3321284466395429,0.11517226175122579,3.6856499449131346,5.017778391552677
Qwen2.5-32B,LC126K,32,M3D_NMP_CPA,126000,128,32,25,0,0.0,0.0,1.3321284466395429,0.11517226175122579,3.6856499449131346,5.017778391552677
Qwen2.5-32B,LC126K,32,M3D_NMP_CPA,126000,128,32,26,0,0.0,0.0,1.3321284466395429,0.11517226175122579,3.6856499449131346,5.017778391552677
Qwen2.5-32B,LC126K,32,M3D_NMP_CPA,126000,128,32,27,0,0.0,0.0,1.3321284466395429,0.11517226175122579,3.6856499449131346,5.017778391552677
Qwen2.5-32B,LC126K,32,M3D_NMP_CPA,126000,128,32,28,0,0.0,0.0,1.3321284466395429,0.11517226175122579,3.6856499449131346,5.017778391552677
Qwen2.5-32B,LC126K,32,M3D_NMP_CPA,126000,128,32,29,0,0.0,0.0,1.3321284466395429,0.11517226175122579,3.6856499449131346,5.017778391552677
Qwen2.5-32B,LC126K,32,M3D_NMP_CPA,126000,128,32,30,0,0.0,0.0,1.3321284466395429,0.11517226175122579,3.6856499449131346,5.017778391552677
Qwen2.5-32B,LC126K,32,M3D_NMP_CPA,126000,128,32,31,0,0.0,0.0,1.3321284466395429,0.11517226175122579,3.6856499449131346,5.017778391552677
